7085640,257958427,国际华语辩论邀请赛,人文社科
1370218,1958342,水无月菌,游戏王
6103516,238329119,二老师原创,和平精英
44857,3766866,科技美学的直播间,科技
11365,777536,LexBurner,王者荣耀
563689,1646746,菜崽,视频唱见
23789393,1262638877,一个会唱歌的花姑娘,唱见电台
948391,10330740,观察者网,人文社科
42062,730732,瓶子君,CS:GO
942101,14110780,凉风Kaze,原神
21670073,416523954,突击手蜜獾,和平精英
45104,374377,泪腺战士,主机游戏
21452505,434334701,七海Nana7mi
22632424,672353429,贝拉kira
2098875,58485079,温之九Dolores
23523251,3900277,卷毛姆
22820500,2131609593,余多多Dudu
23956466,83178096,琪琪不熬夜y
55,392836434,哔哩哔哩王者荣耀杯
316598,29022551,小鱼仔滋zzZ
23982773,1388514638,longdd黄翔
3350147,16573314,夏娜红红红
1374115,7774837,这个黑岩不太冷
21712406,484322035,AIChannel中国绊爱
22637261,672328094,嘉然今天吃什么
103,1871001,棉花大哥哥
9177,2920960,大祥哥来了
1455691,43222001,卡特亚
