_content_cmd,_content_data_uname,_content_data_uid,_content_data_total_coin,_content_data_top_list,_content_data_timestamp,_content_data_tid,_content_data_tag_image,_content_data_svga_block,_content_data_super_gift_num,_content_data_super_batch_gift_num,_content_data_super,_content_data_silver,_content_data_send_master,_content_data_rnd,_content_data_remain,_content_data_rcost,_content_data_price,_content_data_original_gift_name,_content_data_num,_content_data_name_color,_content_data_medal_info_anchor_roomid,_content_data_medal_info_anchor_uname,_content_data_medal_info_guard_level,_content_data_medal_info_icon_id,_content_data_medal_info_is_lighted,_content_data_medal_info_medal_color,_content_data_medal_info_medal_color_border,_content_data_medal_info_medal_color_end,_content_data_medal_info_medal_color_start,_content_data_medal_info_medal_level,_content_data_medal_info_medal_name,_content_data_medal_info_special,_content_data_medal_info_target_id,_content_data_magnification,_content_data_is_special_batch,_content_data_is_first,_content_data_guard_level,_content_data_gold,_content_data_giftType,_content_data_giftName,_content_data_giftId,_content_data_float_sc_resource_id,_content_data_face,_content_data_effect_block,_content_data_effect,_content_data_draw,_content_data_dmscore,_content_data_discount_price,_content_data_demarcation,_content_data_crit_prob,_content_data_combo_total_coin,_content_data_combo_stay_time,_content_data_combo_send,_content_data_combo_resources_id,_content_data_coin_type,_content_data_broadcast_id,_content_data_blind_gift,_content_data_biz_source,_content_data_beatId,_content_data_batch_combo_send_action,_content_data_batch_combo_send_batch_combo_id,_content_data_batch_combo_send_batch_combo_num,_content_data_batch_combo_send_blind_gift,_content_data_batch_combo_send_gift_id,_content_data_batch_combo_send_gift_name,_content_data_batch_combo_send_gift_num,_content_data_batch_combo_send_send_master,_content_data_batch_combo_send_uid,_content_data_batch_combo_send_uname,_content_data_batch_combo_id,_content_data_action,_msg_type,
SEND_GIFT,几个法条看一天,646816730,1000,None,1640693596,1640693596121000001,,0,2,2,0,0,None,1640693596121000001,0,32533164,1000,,1,,0,,0,0,1,6067854,6067854,6067854,6067854,3,SaiQ,,23923699,1,0,False,0,0,0,铃铛,31175,0,http://i2.hdslb.com/bfs/face/11d4301532ca6151ea1f0f1c115cdecdf30cb112.jpg,0,0,0,16,1000,2,0,2000,3,None,1,gold,0,None,Live,,投喂,batch:gift:combo_id:646816730:23920239:31175:1640693595.1889,2,None,31175,铃铛,1,None,646816730,几个法条看一天,batch:gift:combo_id:646816730:23920239:31175:1640693595.1889,投喂,gift,
SEND_GIFT,几个法条看一天,646816730,1000,None,1640693597,1640693597121000001,,0,3,3,0,0,None,1640693597121000001,0,32533230,1000,,1,,0,,0,0,1,6067854,6067854,6067854,6067854,3,SaiQ,,23923699,1,0,False,0,0,0,铃铛,31175,0,http://i2.hdslb.com/bfs/face/11d4301532ca6151ea1f0f1c115cdecdf30cb112.jpg,0,0,0,16,1000,2,0,3000,3,None,1,gold,0,None,Live,,投喂,batch:gift:combo_id:646816730:23920239:31175:1640693595.1889,3,None,31175,铃铛,1,None,646816730,几个法条看一天,batch:gift:combo_id:646816730:23920239:31175:1640693595.1889,投喂,gift,
SEND_GIFT,-依然cy,4719447,100,None,1640693597,1640693597111700001,,0,11,1,0,0,None,1640693597111700001,0,32533221,100,,1,,0,,0,0,0,6067854,12632256,12632256,12632256,3,锦依卫,,36081646,1,0,False,0,0,0,粉丝团灯牌,31164,0,http://i0.hdslb.com/bfs/face/c109d8ec08576ad9b819e5f9b62bb9c60800ccfe.jpg,0,3,0,16,100,1,0,100,3,None,1,gold,0,None,Live,0,投喂,batch:gift:combo_id:4719447:23920239:31164:1640693597.9202,1,None,31164,粉丝团灯牌,1,None,4719447,-依然cy,batch:gift:combo_id:4719447:23920239:31164:1640693597.9202,投喂,gift,
SEND_GIFT,几个法条看一天,646816730,1000,None,1640693598,1640693598121000005,,0,4,4,0,0,None,1640693598121000005,0,32533258,1000,,1,,0,,0,0,1,6067854,6067854,6067854,6067854,3,SaiQ,,23923699,1,0,False,0,0,0,铃铛,31175,0,http://i2.hdslb.com/bfs/face/11d4301532ca6151ea1f0f1c115cdecdf30cb112.jpg,0,0,0,16,1000,2,0,4000,3,None,1,gold,0,None,Live,,投喂,batch:gift:combo_id:646816730:23920239:31175:1640693595.1889,4,None,31175,铃铛,1,None,646816730,几个法条看一天,batch:gift:combo_id:646816730:23920239:31175:1640693595.1889,投喂,gift,
SEND_GIFT,几个法条看一天,646816730,1000,None,1640693599,1640693599121000004,,0,5,5,0,0,None,1640693599121000004,0,32533280,1000,,1,,0,,0,0,1,6067854,6067854,6067854,6067854,3,SaiQ,,23923699,1,0,False,0,0,0,铃铛,31175,0,http://i2.hdslb.com/bfs/face/11d4301532ca6151ea1f0f1c115cdecdf30cb112.jpg,0,0,0,16,1000,2,0,5000,3,None,1,gold,0,None,Live,,投喂,batch:gift:combo_id:646816730:23920239:31175:1640693595.1889,5,None,31175,铃铛,1,None,646816730,几个法条看一天,batch:gift:combo_id:646816730:23920239:31175:1640693595.1889,投喂,gift,
SEND_GIFT,几个法条看一天,646816730,1000,None,1640693600,1640693600121000004,,0,6,6,0,0,None,1640693600121000004,0,32533301,1000,,1,,0,,0,0,1,6067854,6067854,6067854,6067854,3,SaiQ,,23923699,1,0,False,0,0,0,铃铛,31175,0,http://i2.hdslb.com/bfs/face/11d4301532ca6151ea1f0f1c115cdecdf30cb112.jpg,0,0,0,16,1000,2,0,6000,3,None,1,gold,0,None,Live,,投喂,batch:gift:combo_id:646816730:23920239:31175:1640693595.1889,6,None,31175,铃铛,1,None,646816730,几个法条看一天,batch:gift:combo_id:646816730:23920239:31175:1640693595.1889,投喂,gift,
SEND_GIFT,Aaron玄铭,520745811,100,None,1640693624,1640693624121100003,,0,31,1,0,0,None,1640693624121100003,0,32534921,100,,1,,0,,0,0,1,6067854,6067854,6067854,6067854,1,米粉,,23920239,1,0,False,0,0,0,粉丝团灯牌,31164,0,http://i0.hdslb.com/bfs/face/fb8e712ec4fd018116cb87ca8f156b9eff15a298.jpg,0,3,0,32,100,1,0,100,3,None,1,gold,0,None,Live,,投喂,batch:gift:combo_id:520745811:23920239:31164:1640693624.7274,1,None,31164,粉丝团灯牌,1,None,520745811,Aaron玄铭,batch:gift:combo_id:520745811:23920239:31164:1640693624.7274,投喂,gift,
SEND_GIFT,小恰鸡,501211701,1000,None,1640693633,1640693633121100001,,0,2,2,0,0,None,1640693633121100001,0,32535272,1000,,1,,0,,0,0,1,6067854,6067854,6067854,6067854,1,米粉,,23920239,1,0,False,0,0,0,铃铛,31175,0,http://i0.hdslb.com/bfs/face/d38488df57d0aeea7dcdbabed6736b5d4c411f6e.jpg,0,0,0,8,1000,2,0,2000,3,None,1,gold,0,None,Live,,投喂,batch:gift:combo_id:501211701:23920239:31175:1640693627.3861,2,None,31175,铃铛,1,None,501211701,小恰鸡,batch:gift:combo_id:501211701:23920239:31175:1640693627.3861,投喂,gift,
SEND_GIFT,快到の碗里来,71241046,2000,None,1640693718,1640693718131600001,,0,2,2,0,0,None,1640693718131600001,0,32542888,2000,,1,,0,,0,0,1,6126494,6126494,6126494,6126494,8,二哥哟,,238329119,1,0,False,0,0,0,盛典门票,31109,0,http://i1.hdslb.com/bfs/face/10cc97a2b7bf036d7f13a5b7141fe15ef4206ccf.jpg,0,0,0,24,2000,2,0,4000,3,None,1,gold,0,None,Live,,投喂,batch:gift:combo_id:71241046:23920239:31109:1640693717.4200,2,None,31109,盛典门票,1,None,71241046,快到の碗里来,batch:gift:combo_id:71241046:23920239:31109:1640693717.4200,投喂,gift,
SEND_GIFT,毁人不倦ぁ,348824110,100,None,1640693766,1640693766111000004,,0,41,1,0,0,None,1640693766111000004,0,32544971,100,,1,,0,,0,0,0,6067854,12632256,12632256,12632256,2,花笙米,,2103351,1,0,False,0,0,0,粉丝团灯牌,31164,0,http://i1.hdslb.com/bfs/face/a4da1ccfc31f8cf1bf2f2e640e9a27129767bb44.jpg,0,3,0,16,100,1,0,100,3,None,1,gold,0,None,Live,0,投喂,batch:gift:combo_id:348824110:23920239:31164:1640693767.0304,1,None,31164,粉丝团灯牌,1,None,348824110,毁人不倦ぁ,batch:gift:combo_id:348824110:23920239:31164:1640693767.0304,投喂,gift,
SEND_GIFT,YOUUUOY,525352167,1000,None,1640693831,1640693831121700005,,0,2,2,0,0,None,1640693831121700005,0,32549452,1000,,1,,0,,0,0,1,6067854,6067854,6067854,6067854,1,米粉,,23920239,1,0,False,0,0,0,铃铛,31175,0,http://i0.hdslb.com/bfs/face/3e465b0c829b2faf47dee4d3e1b04b7907512eb0.jpg,0,0,0,32,1000,2,0,2000,3,None,1,gold,0,None,Live,,投喂,batch:gift:combo_id:525352167:23920239:31175:1640693831.1057,2,None,31175,铃铛,1,None,525352167,YOUUUOY,batch:gift:combo_id:525352167:23920239:31175:1640693831.1057,投喂,gift,
SEND_GIFT,YOUUUOY,525352167,1000,None,1640693832,1640693832121700003,,0,3,3,0,0,None,1640693832121700003,0,32549465,1000,,1,,0,,0,0,1,6067854,6067854,6067854,6067854,1,米粉,,23920239,1,0,False,0,0,0,铃铛,31175,0,http://i0.hdslb.com/bfs/face/3e465b0c829b2faf47dee4d3e1b04b7907512eb0.jpg,0,0,0,32,1000,2,0,3000,3,None,1,gold,0,None,Live,,投喂,batch:gift:combo_id:525352167:23920239:31175:1640693831.1057,3,None,31175,铃铛,1,None,525352167,YOUUUOY,batch:gift:combo_id:525352167:23920239:31175:1640693831.1057,投喂,gift,
SEND_GIFT,神明的饱饱,701227250,1000,None,1640693835,1640693835121000004,,0,2,2,0,0,None,1640693835121000004,0,32549520,1000,,1,,0,,0,0,1,6067854,6067854,6067854,6067854,1,米粉,,23920239,1,0,False,0,0,0,这个好诶,30758,0,http://i0.hdslb.com/bfs/face/member/noface.jpg,0,0,0,32,1000,2,0,2000,3,None,1,gold,0,None,Live,,投喂,batch:gift:combo_id:701227250:23920239:30758:1640693835.7609,2,None,30758,这个好诶,1,None,701227250,神明的饱饱,batch:gift:combo_id:701227250:23920239:30758:1640693835.7609,投喂,gift,
SEND_GIFT,神明的饱饱,701227250,1000,None,1640693836,1640693836121000001,,0,3,3,0,0,None,1640693836121000001,0,32549520,1000,,1,,0,,0,0,1,6067854,6067854,6067854,6067854,1,米粉,,23920239,1,0,False,0,0,0,这个好诶,30758,0,http://i0.hdslb.com/bfs/face/member/noface.jpg,0,0,0,32,1000,2,0,3000,3,None,1,gold,0,None,Live,,投喂,batch:gift:combo_id:701227250:23920239:30758:1640693835.7609,3,None,30758,这个好诶,1,None,701227250,神明的饱饱,batch:gift:combo_id:701227250:23920239:30758:1640693835.7609,投喂,gift,
SEND_GIFT,jkgkcknk,25857777,1000,None,1640693892,1640693892121700001,,0,2,2,0,0,None,1640693892121700001,0,32551007,1000,,1,,0,,0,0,0,6067854,12632256,12632256,12632256,2,漂亮粉,,250858633,1,0,False,0,0,0,铃铛,31175,0,http://i0.hdslb.com/bfs/face/eb101ef90ebc4e9bf79f65312a22ebac84946700.jpg,0,0,0,16,1000,2,0,2000,3,None,1,gold,0,None,Live,,投喂,batch:gift:combo_id:25857777:23920239:31175:1640693889.1540,2,None,31175,铃铛,1,None,25857777,jkgkcknk,batch:gift:combo_id:25857777:23920239:31175:1640693889.1540,投喂,gift,
SEND_GIFT,jkgkcknk,25857777,1000,None,1640693893,1640693893121700001,,0,3,3,0,0,None,1640693893121700001,0,32551026,1000,,1,,0,,0,0,0,6067854,12632256,12632256,12632256,2,漂亮粉,,250858633,1,0,False,0,0,0,铃铛,31175,0,http://i0.hdslb.com/bfs/face/eb101ef90ebc4e9bf79f65312a22ebac84946700.jpg,0,0,0,16,1000,2,0,3000,3,None,1,gold,0,None,Live,,投喂,batch:gift:combo_id:25857777:23920239:31175:1640693889.1540,3,None,31175,铃铛,1,None,25857777,jkgkcknk,batch:gift:combo_id:25857777:23920239:31175:1640693889.1540,投喂,gift,
SEND_GIFT,jkgkcknk,25857777,1000,None,1640693894,1640693894121700003,,0,4,4,0,0,None,1640693894121700003,0,32551065,1000,,1,,0,,0,0,0,6067854,12632256,12632256,12632256,2,漂亮粉,,250858633,1,0,False,0,0,0,铃铛,31175,0,http://i0.hdslb.com/bfs/face/eb101ef90ebc4e9bf79f65312a22ebac84946700.jpg,0,0,0,16,1000,2,0,4000,3,None,1,gold,0,None,Live,,投喂,batch:gift:combo_id:25857777:23920239:31175:1640693889.1540,4,None,31175,铃铛,1,None,25857777,jkgkcknk,batch:gift:combo_id:25857777:23920239:31175:1640693889.1540,投喂,gift,
SEND_GIFT,jkgkcknk,25857777,1000,None,1640693895,1640693895121700001,,0,5,5,0,0,None,1640693895121700001,0,32551065,1000,,1,,0,,0,0,0,6067854,12632256,12632256,12632256,2,漂亮粉,,250858633,1,0,False,0,0,0,铃铛,31175,0,http://i0.hdslb.com/bfs/face/eb101ef90ebc4e9bf79f65312a22ebac84946700.jpg,0,0,0,16,1000,2,0,5000,3,None,1,gold,0,None,Live,,投喂,batch:gift:combo_id:25857777:23920239:31175:1640693889.1540,5,None,31175,铃铛,1,None,25857777,jkgkcknk,batch:gift:combo_id:25857777:23920239:31175:1640693889.1540,投喂,gift,
SEND_GIFT,jkgkcknk,25857777,1000,None,1640693895,1640693895121700004,,0,6,6,0,0,None,1640693895121700004,0,32551088,1000,,1,,0,,0,0,0,6067854,12632256,12632256,12632256,2,漂亮粉,,250858633,1,0,False,0,0,0,铃铛,31175,0,http://i0.hdslb.com/bfs/face/eb101ef90ebc4e9bf79f65312a22ebac84946700.jpg,0,0,0,16,1000,2,0,6000,3,None,1,gold,0,None,Live,,投喂,batch:gift:combo_id:25857777:23920239:31175:1640693889.1540,6,None,31175,铃铛,1,None,25857777,jkgkcknk,batch:gift:combo_id:25857777:23920239:31175:1640693889.1540,投喂,gift,
SEND_GIFT,变化多端铁憨憨,287102040,1000,None,1640693970,1640693970121000001,,0,2,2,0,0,None,1640693970121000001,0,32553083,1000,,1,,0,,0,0,0,12478086,12632256,12632256,12632256,16,召唤师,,50329118,1,0,False,0,0,0,铃铛,31175,0,http://i0.hdslb.com/bfs/face/af6351e4f69a773c0a2c63177eed2f6ec52f5f32.jpg,0,0,0,64,1000,2,0,2000,3,None,1,gold,0,None,Live,,投喂,batch:gift:combo_id:287102040:23920239:31175:1640693969.9436,2,None,31175,铃铛,1,None,287102040,变化多端铁憨憨,batch:gift:combo_id:287102040:23920239:31175:1640693969.9436,投喂,gift,
SEND_GIFT,变化多端铁憨憨,287102040,1000,None,1640693970,1640693970121000002,,0,3,3,0,0,None,1640693970121000002,0,32553131,1000,,1,,0,,0,0,0,12478086,12632256,12632256,12632256,16,召唤师,,50329118,1,0,False,0,0,0,铃铛,31175,0,http://i0.hdslb.com/bfs/face/af6351e4f69a773c0a2c63177eed2f6ec52f5f32.jpg,0,0,0,64,1000,2,0,3000,3,None,1,gold,0,None,Live,,投喂,batch:gift:combo_id:287102040:23920239:31175:1640693969.9436,3,None,31175,铃铛,1,None,287102040,变化多端铁憨憨,batch:gift:combo_id:287102040:23920239:31175:1640693969.9436,投喂,gift,
SEND_GIFT,炽翎实用又美观,429810268,1000,None,1640694045,1640694045121800001,,0,2,2,0,0,None,1640694045121800001,0,32554731,1000,,1,,0,,0,0,0,6067854,12632256,12632256,12632256,1,100sp,,35641228,1,0,False,0,0,0,这个好诶,30758,0,http://i1.hdslb.com/bfs/face/e0203cf3716b19ce7cad51202786383cff2b198c.jpg,0,0,0,16,1000,2,0,2000,3,None,1,gold,0,None,Live,,投喂,batch:gift:combo_id:429810268:23920239:30758:1640694043.8045,2,None,30758,这个好诶,1,None,429810268,炽翎实用又美观,batch:gift:combo_id:429810268:23920239:30758:1640694043.8045,投喂,gift,
SEND_GIFT,千-金-,168689138,1000,None,1640694091,1640694091121800005,,0,2,2,0,0,None,1640694091121800005,0,32556138,1000,,1,,0,,0,0,0,6067854,12632256,12632256,12632256,2,二哥哟,,238329119,1,0,False,0,0,0,铃铛,31175,0,http://i2.hdslb.com/bfs/face/3a107c60cc98358347c26a734aa0d59060446e90.jpg,0,0,0,16,1000,2,0,2000,3,None,1,gold,0,None,Live,,投喂,batch:gift:combo_id:168689138:23920239:31175:1640694090.4377,2,None,31175,铃铛,1,None,168689138,千-金-,batch:gift:combo_id:168689138:23920239:31175:1640694090.4377,投喂,gift,
SEND_GIFT,毕竟羲之,26521781,33000,None,1640694126,1640694126131100002,,0,2,2,0,0,None,1640694126131100002,0,32558367,33000,,1,,0,,0,0,1,9272486,9272486,9272486,9272486,11,米粉,,23920239,1,0,False,0,0,0,花式夸夸,30873,2,http://i2.hdslb.com/bfs/face/80c47c3adfb3a729cf538079a857a6a9c4d063b6.jpg,0,2,0,56,33000,2,0,66000,8,None,0,gold,0,None,Live,,投喂,batch:gift:combo_id:26521781:23920239:30873:1640694124.7044,2,None,30873,花式夸夸,1,None,26521781,毕竟羲之,batch:gift:combo_id:26521781:23920239:30873:1640694124.7044,投喂,gift,
SEND_GIFT,苏雨晴_,630517985,1000,None,1640694324,1640694324121500002,,0,2,2,0,0,None,1640694324121500002,0,32561986,1000,,1,,0,,0,0,0,6067854,12632256,12632256,12632256,1,嘉心糖,,672328094,1,0,False,0,0,0,铃铛,31175,0,http://i2.hdslb.com/bfs/face/4cabaec283d5ba8940b831e6285efac0467a268b.jpg,0,0,0,16,1000,2,0,2000,3,None,1,gold,0,None,Live,,投喂,batch:gift:combo_id:630517985:23920239:31175:1640694324.6642,2,None,31175,铃铛,1,None,630517985,苏雨晴_,batch:gift:combo_id:630517985:23920239:31175:1640694324.6642,投喂,gift,
SEND_GIFT,苏雨晴_,630517985,1000,None,1640694325,1640694325121500001,,0,3,3,0,0,None,1640694325121500001,0,32561986,1000,,1,,0,,0,0,0,6067854,12632256,12632256,12632256,1,嘉心糖,,672328094,1,0,False,0,0,0,铃铛,31175,0,http://i2.hdslb.com/bfs/face/4cabaec283d5ba8940b831e6285efac0467a268b.jpg,0,0,0,16,1000,2,0,3000,3,None,1,gold,0,None,Live,,投喂,batch:gift:combo_id:630517985:23920239:31175:1640694324.6642,3,None,31175,铃铛,1,None,630517985,苏雨晴_,batch:gift:combo_id:630517985:23920239:31175:1640694324.6642,投喂,gift,
SEND_GIFT,苏雨晴_,630517985,1000,None,1640694325,1640694325121500002,,0,4,4,0,0,None,1640694325121500002,0,32561986,1000,,1,,0,,0,0,0,6067854,12632256,12632256,12632256,1,嘉心糖,,672328094,1,0,False,0,0,0,铃铛,31175,0,http://i2.hdslb.com/bfs/face/4cabaec283d5ba8940b831e6285efac0467a268b.jpg,0,0,0,16,1000,2,0,4000,3,None,1,gold,0,None,Live,,投喂,batch:gift:combo_id:630517985:23920239:31175:1640694324.6642,4,None,31175,铃铛,1,None,630517985,苏雨晴_,batch:gift:combo_id:630517985:23920239:31175:1640694324.6642,投喂,gift,
SEND_GIFT,AssassinL,2653807,9900,None,1640694619,1640694619121700003,,0,2,2,0,0,None,1640694619121700003,0,32570658,9900,,1,,0,,0,0,0,0,0,0,0,0,,,0,1,0,False,0,0,0,B坷垃,3,0,http://i0.hdslb.com/bfs/face/member/noface.jpg,0,3,0,8,9900,2,0,19800,3,None,1,gold,0,None,Live,,投喂,batch:gift:combo_id:2653807:23920239:3:1640694618.1670,2,None,3,B坷垃,1,None,2653807,AssassinL,batch:gift:combo_id:2653807:23920239:3:1640694618.1670,投喂,gift,
SEND_GIFT,自律晚睡顶碗人,24625929,1000,None,1640694738,1640694738111900001,,0,2,2,0,0,None,1640694738111900001,0,32575378,1000,,1,,0,,0,0,1,12478086,12478086,12478086,12478086,15,贝极星,,672353429,1,0,False,0,0,0,铃铛,31175,0,http://i0.hdslb.com/bfs/face/ec775caa993e979ce6cf43b0adc61617b1d05103.jpg,0,0,0,64,1000,2,0,2000,3,None,1,gold,0,None,Live,0,投喂,batch:gift:combo_id:24625929:23920239:31175:1640694737.7786,2,None,31175,铃铛,1,None,24625929,自律晚睡顶碗人,batch:gift:combo_id:24625929:23920239:31175:1640694737.7786,投喂,gift,
SEND_GIFT,自律晚睡顶碗人,24625929,1000,None,1640694738,1640694738111900002,,0,3,3,0,0,None,1640694738111900002,0,32575378,1000,,1,,0,,0,0,1,12478086,12478086,12478086,12478086,15,贝极星,,672353429,1,0,False,0,0,0,铃铛,31175,0,http://i0.hdslb.com/bfs/face/ec775caa993e979ce6cf43b0adc61617b1d05103.jpg,0,0,0,64,1000,2,0,3000,3,None,1,gold,0,None,Live,0,投喂,batch:gift:combo_id:24625929:23920239:31175:1640694737.7786,3,None,31175,铃铛,1,None,24625929,自律晚睡顶碗人,batch:gift:combo_id:24625929:23920239:31175:1640694737.7786,投喂,gift,
SEND_GIFT,自律晚睡顶碗人,24625929,1000,None,1640694738,1640694738111900003,,0,4,4,0,0,None,1640694738111900003,0,32575405,1000,,1,,0,,0,0,1,12478086,12478086,12478086,12478086,15,贝极星,,672353429,1,0,False,0,0,0,铃铛,31175,0,http://i0.hdslb.com/bfs/face/ec775caa993e979ce6cf43b0adc61617b1d05103.jpg,0,0,0,64,1000,2,0,4000,3,None,1,gold,0,None,Live,0,投喂,batch:gift:combo_id:24625929:23920239:31175:1640694737.7786,4,None,31175,铃铛,1,None,24625929,自律晚睡顶碗人,batch:gift:combo_id:24625929:23920239:31175:1640694737.7786,投喂,gift,
SEND_GIFT,自律晚睡顶碗人,24625929,1000,None,1640694739,1640694739111900001,,0,5,5,0,0,None,1640694739111900001,0,32575405,1000,,1,,0,,0,0,1,12478086,12478086,12478086,12478086,15,贝极星,,672353429,1,0,False,0,0,0,铃铛,31175,0,http://i0.hdslb.com/bfs/face/ec775caa993e979ce6cf43b0adc61617b1d05103.jpg,0,0,0,64,1000,2,0,5000,3,None,1,gold,0,None,Live,0,投喂,batch:gift:combo_id:24625929:23920239:31175:1640694737.7786,5,None,31175,铃铛,1,None,24625929,自律晚睡顶碗人,batch:gift:combo_id:24625929:23920239:31175:1640694737.7786,投喂,gift,
SEND_GIFT,自律晚睡顶碗人,24625929,1000,None,1640694739,1640694739111900002,,0,6,6,0,0,None,1640694739111900002,0,32575405,1000,,1,,0,,0,0,1,12478086,12478086,12478086,12478086,15,贝极星,,672353429,1,0,False,0,0,0,铃铛,31175,0,http://i0.hdslb.com/bfs/face/ec775caa993e979ce6cf43b0adc61617b1d05103.jpg,0,0,0,64,1000,2,0,6000,3,None,1,gold,0,None,Live,0,投喂,batch:gift:combo_id:24625929:23920239:31175:1640694737.7786,6,None,31175,铃铛,1,None,24625929,自律晚睡顶碗人,batch:gift:combo_id:24625929:23920239:31175:1640694737.7786,投喂,gift,
SEND_GIFT,自律晚睡顶碗人,24625929,1000,None,1640694740,1640694740111900001,,0,7,7,0,0,None,1640694740111900001,0,32575450,1000,,1,,0,,0,0,1,12478086,12478086,12478086,12478086,15,贝极星,,672353429,1,0,False,0,0,0,铃铛,31175,0,http://i0.hdslb.com/bfs/face/ec775caa993e979ce6cf43b0adc61617b1d05103.jpg,0,0,0,64,1000,2,0,7000,3,None,1,gold,0,None,Live,0,投喂,batch:gift:combo_id:24625929:23920239:31175:1640694737.7786,7,None,31175,铃铛,1,None,24625929,自律晚睡顶碗人,batch:gift:combo_id:24625929:23920239:31175:1640694737.7786,投喂,gift,
SEND_GIFT,自律晚睡顶碗人,24625929,1000,None,1640694740,1640694740111900002,,0,8,8,0,0,None,1640694740111900002,0,32575450,1000,,1,,0,,0,0,1,12478086,12478086,12478086,12478086,15,贝极星,,672353429,1,0,False,0,0,0,铃铛,31175,0,http://i0.hdslb.com/bfs/face/ec775caa993e979ce6cf43b0adc61617b1d05103.jpg,0,0,0,64,1000,2,0,8000,3,None,1,gold,0,None,Live,0,投喂,batch:gift:combo_id:24625929:23920239:31175:1640694737.7786,8,None,31175,铃铛,1,None,24625929,自律晚睡顶碗人,batch:gift:combo_id:24625929:23920239:31175:1640694737.7786,投喂,gift,
SEND_GIFT,氵雨沫,18271725,1000,None,1640694761,1640694761120500001,,0,3,3,0,0,None,1640694761120500001,11,32576358,1000,,1,,0,,0,0,0,6067854,12632256,12632256,12632256,4,锦依卫,,36081646,1,0,False,0,0,0,生日快乐,30254,0,http://i0.hdslb.com/bfs/face/2ec6045bf4a5eb4c4e2edd34be68f64b55706a6c.jpg,0,0,0,16,0,2,0,3000,2,None,0,silver,0,None,live,,投喂,batch:gift:combo_id:18271725:23920239:30254:1640694757.2553,3,None,30254,生日快乐,1,None,18271725,氵雨沫,batch:gift:combo_id:18271725:23920239:30254:1640694757.2553,投喂,gift,
SEND_GIFT,氵雨沫,18271725,1000,None,1640694765,1640694765120500001,,0,9,9,0,0,None,1640694765120500001,5,32576722,1000,,1,,0,,0,0,0,6067854,12632256,12632256,12632256,4,锦依卫,,36081646,1,0,False,0,0,0,生日快乐,30254,0,http://i0.hdslb.com/bfs/face/2ec6045bf4a5eb4c4e2edd34be68f64b55706a6c.jpg,0,0,0,16,0,2,0,9000,2,None,0,silver,0,None,live,,投喂,batch:gift:combo_id:18271725:23920239:30254:1640694757.2553,9,None,30254,生日快乐,1,None,18271725,氵雨沫,batch:gift:combo_id:18271725:23920239:30254:1640694757.2553,投喂,gift,
SEND_GIFT,杨_生,478941629,1000,None,1640694843,1640694843121900004,,0,2,2,0,0,None,1640694843121900004,0,32578862,1000,,1,,0,,0,0,0,6067854,12632256,12632256,12632256,1,砖友,,455961781,1,0,False,0,0,0,铃铛,31175,0,http://i2.hdslb.com/bfs/face/bc1c3e7772f2a2e62ba4c22bc6b30f9c3f98fa0c.jpg,0,0,0,16,1000,2,0,2000,3,None,1,gold,0,None,Live,,投喂,batch:gift:combo_id:478941629:23920239:31175:1640694841.2487,2,None,31175,铃铛,1,None,478941629,杨_生,batch:gift:combo_id:478941629:23920239:31175:1640694841.2487,投喂,gift,
SEND_GIFT,EVAooI,1913261082,1000,None,1640694886,1640694886111200002,,0,2,2,0,0,None,1640694886111200002,0,32579532,1000,,1,,0,,0,0,0,0,0,0,0,0,,,0,1,0,False,0,0,0,铃铛,31175,0,http://i0.hdslb.com/bfs/face/3f1b33d5b9b454ef03dacc8057e9b17f46109acd.jpg,0,0,0,8,1000,2,0,2000,3,None,1,gold,0,None,Live,0,投喂,batch:gift:combo_id:1913261082:23920239:31175:1640694878.0886,2,None,31175,铃铛,1,None,1913261082,EVAooI,batch:gift:combo_id:1913261082:23920239:31175:1640694878.0886,投喂,gift,
SEND_GIFT,EVAooI,1913261082,1000,None,1640694890,1640694890111200001,,0,3,3,0,0,None,1640694890111200001,0,32579602,1000,,1,,0,,0,0,0,0,0,0,0,0,,,0,1,0,False,0,0,0,铃铛,31175,0,http://i0.hdslb.com/bfs/face/3f1b33d5b9b454ef03dacc8057e9b17f46109acd.jpg,0,0,0,8,1000,2,0,3000,3,None,1,gold,0,None,Live,0,投喂,batch:gift:combo_id:1913261082:23920239:31175:1640694878.0886,3,None,31175,铃铛,1,None,1913261082,EVAooI,batch:gift:combo_id:1913261082:23920239:31175:1640694878.0886,投喂,gift,
SEND_GIFT,EVAooI,1913261082,1000,None,1640694894,1640694894111200001,,0,4,4,0,0,None,1640694894111200001,0,32579642,1000,,1,,0,,0,0,0,0,0,0,0,0,,,0,1,0,False,0,0,0,铃铛,31175,0,http://i0.hdslb.com/bfs/face/3f1b33d5b9b454ef03dacc8057e9b17f46109acd.jpg,0,0,0,8,1000,2,0,4000,3,None,1,gold,0,None,Live,0,投喂,batch:gift:combo_id:1913261082:23920239:31175:1640694878.0886,4,None,31175,铃铛,1,None,1913261082,EVAooI,batch:gift:combo_id:1913261082:23920239:31175:1640694878.0886,投喂,gift,
SEND_GIFT,EVAooI,1913261082,1000,None,1640694900,1640694900111200001,,0,5,5,0,0,None,1640694900111200001,0,32579806,1000,,1,,0,,0,0,0,0,0,0,0,0,,,0,1,0,False,0,0,0,铃铛,31175,0,http://i0.hdslb.com/bfs/face/3f1b33d5b9b454ef03dacc8057e9b17f46109acd.jpg,0,0,0,8,1000,2,0,5000,3,None,1,gold,0,None,Live,0,投喂,batch:gift:combo_id:1913261082:23920239:31175:1640694878.0886,5,None,31175,铃铛,1,None,1913261082,EVAooI,batch:gift:combo_id:1913261082:23920239:31175:1640694878.0886,投喂,gift,
SEND_GIFT,阻冲止,342762162,1000,None,1640694985,1640694985121200002,,0,2,2,0,0,None,1640694985121200002,0,32581498,1000,,1,,0,,3,0,1,1725515,6809855,5414290,1725515,24,绿草,,360161798,1,0,False,0,0,0,铃铛,31175,0,http://i0.hdslb.com/bfs/face/5bbafbd50ee502e5aacdf2839106aa06cedbd530.jpg,0,0,0,80,1000,2,0,2000,3,None,1,gold,0,None,Live,,投喂,batch:gift:combo_id:342762162:23920239:31175:1640694985.1975,2,None,31175,铃铛,1,None,342762162,阻冲止,batch:gift:combo_id:342762162:23920239:31175:1640694985.1975,投喂,gift,
SEND_GIFT,阻冲止,342762162,1000,None,1640694985,1640694985121200003,,0,3,3,0,0,None,1640694985121200003,0,32581498,1000,,1,,0,,3,0,1,1725515,6809855,5414290,1725515,24,绿草,,360161798,1,0,False,0,0,0,铃铛,31175,0,http://i0.hdslb.com/bfs/face/5bbafbd50ee502e5aacdf2839106aa06cedbd530.jpg,0,0,0,80,1000,2,0,3000,3,None,1,gold,0,None,Live,,投喂,batch:gift:combo_id:342762162:23920239:31175:1640694985.1975,3,None,31175,铃铛,1,None,342762162,阻冲止,batch:gift:combo_id:342762162:23920239:31175:1640694985.1975,投喂,gift,
SEND_GIFT,阻冲止,342762162,1000,None,1640694985,1640694985121200004,,0,4,4,0,0,None,1640694985121200004,0,32581498,1000,,1,,0,,3,0,1,1725515,6809855,5414290,1725515,24,绿草,,360161798,1,0,False,0,0,0,铃铛,31175,0,http://i0.hdslb.com/bfs/face/5bbafbd50ee502e5aacdf2839106aa06cedbd530.jpg,0,0,0,80,1000,2,0,4000,3,None,1,gold,0,None,Live,,投喂,batch:gift:combo_id:342762162:23920239:31175:1640694985.1975,4,None,31175,铃铛,1,None,342762162,阻冲止,batch:gift:combo_id:342762162:23920239:31175:1640694985.1975,投喂,gift,
SEND_GIFT,阻冲止,342762162,1000,None,1640694985,1640694985121200005,,0,5,5,0,0,None,1640694985121200005,0,32581498,1000,,1,,0,,3,0,1,1725515,6809855,5414290,1725515,24,绿草,,360161798,1,0,False,0,0,0,铃铛,31175,0,http://i0.hdslb.com/bfs/face/5bbafbd50ee502e5aacdf2839106aa06cedbd530.jpg,0,0,0,80,1000,2,0,5000,3,None,1,gold,0,None,Live,,投喂,batch:gift:combo_id:342762162:23920239:31175:1640694985.1975,5,None,31175,铃铛,1,None,342762162,阻冲止,batch:gift:combo_id:342762162:23920239:31175:1640694985.1975,投喂,gift,
SEND_GIFT,青枯蓝骨,59114411,100,None,1640695086,1640695086121100009,,0,30,30,0,0,None,1640695086121100009,0,32583250,100,,1,,0,,0,0,0,0,0,0,0,0,,,0,1.1,0,False,0,0,0,心动卡,30869,0,http://i2.hdslb.com/bfs/face/3cecff853cf3c68b01414eb20010cb4c32b03116.jpg,0,0,0,8,100,1,0,3000,3,None,1,gold,0,None,Live,,投喂,batch:gift:combo_id:59114411:23920239:30869:1640695080.1980,30,None,30869,心动卡,1,None,59114411,青枯蓝骨,batch:gift:combo_id:59114411:23920239:30869:1640695080.1980,投喂,gift,
SEND_GIFT,ILI艺,294178977,1000,None,1640695113,1640695113111700002,,0,2,2,0,0,None,1640695113111700002,0,32583901,1000,,1,,0,,0,0,0,9272486,12632256,12632256,12632256,10,装机猿,,35359510,1,0,False,0,0,0,铃铛,31175,0,http://i0.hdslb.com/bfs/face/8ed31b53439da1148659d75c2c01b6c713805b7a.jpg,0,0,0,48,1000,2,0,2000,3,None,1,gold,0,None,Live,0,投喂,batch:gift:combo_id:294178977:23920239:31175:1640695103.4059,2,None,31175,铃铛,1,None,294178977,ILI艺,batch:gift:combo_id:294178977:23920239:31175:1640695103.4059,投喂,gift,
SEND_GIFT,ILI艺,294178977,1000,None,1640695114,1640695114111700002,,0,3,3,0,0,None,1640695114111700002,0,32584085,1000,,1,,0,,0,0,0,9272486,12632256,12632256,12632256,10,装机猿,,35359510,1,0,False,0,0,0,铃铛,31175,0,http://i0.hdslb.com/bfs/face/8ed31b53439da1148659d75c2c01b6c713805b7a.jpg,0,0,0,48,1000,2,0,3000,3,None,1,gold,0,None,Live,0,投喂,batch:gift:combo_id:294178977:23920239:31175:1640695103.4059,3,None,31175,铃铛,1,None,294178977,ILI艺,batch:gift:combo_id:294178977:23920239:31175:1640695103.4059,投喂,gift,
SEND_GIFT,ILI艺,294178977,1000,None,1640695115,1640695115111700001,,0,4,4,0,0,None,1640695115111700001,0,32584099,1000,,1,,0,,0,0,0,9272486,12632256,12632256,12632256,10,装机猿,,35359510,1,0,False,0,0,0,铃铛,31175,0,http://i0.hdslb.com/bfs/face/8ed31b53439da1148659d75c2c01b6c713805b7a.jpg,0,0,0,48,1000,2,0,4000,3,None,1,gold,0,None,Live,0,投喂,batch:gift:combo_id:294178977:23920239:31175:1640695103.4059,4,None,31175,铃铛,1,None,294178977,ILI艺,batch:gift:combo_id:294178977:23920239:31175:1640695103.4059,投喂,gift,
SEND_GIFT,ILI艺,294178977,1000,None,1640695115,1640695115111700003,,0,5,5,0,0,None,1640695115111700003,0,32584099,1000,,1,,0,,0,0,0,9272486,12632256,12632256,12632256,10,装机猿,,35359510,1,0,False,0,0,0,铃铛,31175,0,http://i0.hdslb.com/bfs/face/8ed31b53439da1148659d75c2c01b6c713805b7a.jpg,0,0,0,48,1000,2,0,5000,3,None,1,gold,0,None,Live,0,投喂,batch:gift:combo_id:294178977:23920239:31175:1640695103.4059,5,None,31175,铃铛,1,None,294178977,ILI艺,batch:gift:combo_id:294178977:23920239:31175:1640695103.4059,投喂,gift,
SEND_GIFT,ILI艺,294178977,1000,None,1640695116,1640695116111700001,,0,6,6,0,0,None,1640695116111700001,0,32584110,1000,,1,,0,,0,0,0,9272486,12632256,12632256,12632256,10,装机猿,,35359510,1,0,False,0,0,0,铃铛,31175,0,http://i0.hdslb.com/bfs/face/8ed31b53439da1148659d75c2c01b6c713805b7a.jpg,0,0,0,48,1000,2,0,6000,3,None,1,gold,0,None,Live,0,投喂,batch:gift:combo_id:294178977:23920239:31175:1640695103.4059,6,None,31175,铃铛,1,None,294178977,ILI艺,batch:gift:combo_id:294178977:23920239:31175:1640695103.4059,投喂,gift,
SEND_GIFT,ILI艺,294178977,1000,None,1640695116,1640695116111700003,,0,7,7,0,0,None,1640695116111700003,0,32584110,1000,,1,,0,,0,0,0,9272486,12632256,12632256,12632256,10,装机猿,,35359510,1,0,False,0,0,0,铃铛,31175,0,http://i0.hdslb.com/bfs/face/8ed31b53439da1148659d75c2c01b6c713805b7a.jpg,0,0,0,48,1000,2,0,7000,3,None,1,gold,0,None,Live,0,投喂,batch:gift:combo_id:294178977:23920239:31175:1640695103.4059,7,None,31175,铃铛,1,None,294178977,ILI艺,batch:gift:combo_id:294178977:23920239:31175:1640695103.4059,投喂,gift,
SEND_GIFT,nekoyyds丶,2774391,1000,None,1640695166,1640695166121100011,,0,2,2,0,0,None,1640695166121100011,0,32585774,1000,,1,,0,,0,0,1,6067854,6067854,6067854,6067854,2,米粉,,23920239,1,0,False,0,0,0,铃铛,31175,0,http://i0.hdslb.com/bfs/face/9776e647045f6c1650bcad19ac0f8bf049eafe63.jpg,0,0,0,32,1000,2,0,2000,3,None,1,gold,0,None,Live,,投喂,batch:gift:combo_id:2774391:23920239:31175:1640695166.0213,2,None,31175,铃铛,1,None,2774391,nekoyyds丶,batch:gift:combo_id:2774391:23920239:31175:1640695166.0213,投喂,gift,
SEND_GIFT,nekoyyds丶,2774391,1000,None,1640695167,1640695167121100003,,0,3,3,0,0,None,1640695167121100003,0,32585798,1000,,1,,0,,0,0,1,6067854,6067854,6067854,6067854,2,米粉,,23920239,1,0,False,0,0,0,铃铛,31175,0,http://i0.hdslb.com/bfs/face/9776e647045f6c1650bcad19ac0f8bf049eafe63.jpg,0,0,0,32,1000,2,0,3000,3,None,1,gold,0,None,Live,,投喂,batch:gift:combo_id:2774391:23920239:31175:1640695166.0213,3,None,31175,铃铛,1,None,2774391,nekoyyds丶,batch:gift:combo_id:2774391:23920239:31175:1640695166.0213,投喂,gift,
SEND_GIFT,nekoyyds丶,2774391,1000,None,1640695168,1640695168121100003,,0,4,4,0,0,None,1640695168121100003,0,32586016,1000,,1,,0,,0,0,1,6067854,6067854,6067854,6067854,2,米粉,,23920239,1,0,False,0,0,0,铃铛,31175,0,http://i0.hdslb.com/bfs/face/9776e647045f6c1650bcad19ac0f8bf049eafe63.jpg,0,0,0,32,1000,2,0,4000,3,None,1,gold,0,None,Live,,投喂,batch:gift:combo_id:2774391:23920239:31175:1640695166.0213,4,None,31175,铃铛,1,None,2774391,nekoyyds丶,batch:gift:combo_id:2774391:23920239:31175:1640695166.0213,投喂,gift,
SEND_GIFT,一予独孤,198617768,1000,None,1640695211,1640695211121800003,,0,2,2,0,0,None,1763082396,0,32587245,1000,,1,,0,,0,0,1,6067854,6067854,6067854,6067854,2,米粉,,23920239,1,0,False,0,0,0,这个好诶,30758,0,http://i0.hdslb.com/bfs/face/member/noface.jpg,0,0,0,32,1000,2,0,2000,3,None,1,gold,0,None,Live,,投喂,batch:gift:combo_id:198617768:23920239:30758:1640695210.7371,2,None,30758,这个好诶,1,None,198617768,一予独孤,batch:gift:combo_id:198617768:23920239:30758:1640695210.7371,投喂,gift,
SEND_GIFT,一予独孤,198617768,1000,None,1640695212,1640695212121800004,,0,3,3,0,0,None,712051432,0,32587279,1000,,1,,0,,0,0,1,6067854,6067854,6067854,6067854,2,米粉,,23920239,1,0,False,0,0,0,这个好诶,30758,0,http://i0.hdslb.com/bfs/face/member/noface.jpg,0,0,0,32,1000,2,0,3000,3,None,1,gold,0,None,Live,,投喂,batch:gift:combo_id:198617768:23920239:30758:1640695210.7371,3,None,30758,这个好诶,1,None,198617768,一予独孤,batch:gift:combo_id:198617768:23920239:30758:1640695210.7371,投喂,gift,
SEND_GIFT,一予独孤,198617768,1000,None,1640695213,1640695213121800001,,0,4,4,0,0,None,1736757444,0,32587334,1000,,1,,0,,0,0,1,6067854,6067854,6067854,6067854,2,米粉,,23920239,1,0,False,0,0,0,这个好诶,30758,0,http://i0.hdslb.com/bfs/face/member/noface.jpg,0,0,0,32,1000,2,0,4000,3,None,1,gold,0,None,Live,,投喂,batch:gift:combo_id:198617768:23920239:30758:1640695210.7371,4,None,30758,这个好诶,1,None,198617768,一予独孤,batch:gift:combo_id:198617768:23920239:30758:1640695210.7371,投喂,gift,
SEND_GIFT,妖怪妖怪的粪叉,449382377,1000,None,1640695515,1640695515121700006,,0,2,2,0,0,None,1640695515121700006,0,32596792,1000,,1,,0,,0,0,0,6067854,12632256,12632256,12632256,1,小知知,,501183549,1,0,False,0,0,0,铃铛,31175,0,http://i2.hdslb.com/bfs/face/bdf4b65b49fe0d2683e88a14cc5e1b8da56d518d.jpg,0,0,0,16,1000,2,0,2000,3,None,1,gold,0,None,Live,,投喂,batch:gift:combo_id:449382377:23920239:31175:1640695513.4219,2,None,31175,铃铛,1,None,449382377,妖怪妖怪的粪叉,batch:gift:combo_id:449382377:23920239:31175:1640695513.4219,投喂,gift,
SEND_GIFT,妖怪妖怪的粪叉,449382377,1000,None,1640695517,1640695517121700001,,0,3,3,0,0,None,1640695517121700001,0,32596821,1000,,1,,0,,0,0,0,6067854,12632256,12632256,12632256,1,小知知,,501183549,1,0,False,0,0,0,铃铛,31175,0,http://i2.hdslb.com/bfs/face/bdf4b65b49fe0d2683e88a14cc5e1b8da56d518d.jpg,0,0,0,16,1000,2,0,3000,3,None,1,gold,0,None,Live,,投喂,batch:gift:combo_id:449382377:23920239:31175:1640695513.4219,3,None,31175,铃铛,1,None,449382377,妖怪妖怪的粪叉,batch:gift:combo_id:449382377:23920239:31175:1640695513.4219,投喂,gift,
SEND_GIFT,妖怪妖怪的粪叉,449382377,1000,None,1640695518,1640695518121700002,,0,4,4,0,0,None,1640695518121700002,0,32596845,1000,,1,,0,,0,0,0,6067854,12632256,12632256,12632256,1,小知知,,501183549,1,0,False,0,0,0,铃铛,31175,0,http://i2.hdslb.com/bfs/face/bdf4b65b49fe0d2683e88a14cc5e1b8da56d518d.jpg,0,0,0,16,1000,2,0,4000,3,None,1,gold,0,None,Live,,投喂,batch:gift:combo_id:449382377:23920239:31175:1640695513.4219,4,None,31175,铃铛,1,None,449382377,妖怪妖怪的粪叉,batch:gift:combo_id:449382377:23920239:31175:1640695513.4219,投喂,gift,
SEND_GIFT,妖怪妖怪的粪叉,449382377,1000,None,1640695518,1640695518121700003,,0,5,5,0,0,None,1640695518121700003,0,32596845,1000,,1,,0,,0,0,0,6067854,12632256,12632256,12632256,1,小知知,,501183549,1,0,False,0,0,0,铃铛,31175,0,http://i2.hdslb.com/bfs/face/bdf4b65b49fe0d2683e88a14cc5e1b8da56d518d.jpg,0,0,0,16,1000,2,0,5000,3,None,1,gold,0,None,Live,,投喂,batch:gift:combo_id:449382377:23920239:31175:1640695513.4219,5,None,31175,铃铛,1,None,449382377,妖怪妖怪的粪叉,batch:gift:combo_id:449382377:23920239:31175:1640695513.4219,投喂,gift,
SEND_GIFT,妖怪妖怪的粪叉,449382377,1000,None,1640695519,1640695519121700002,,0,6,6,0,0,None,1640695519121700002,0,32596894,1000,,1,,0,,0,0,0,6067854,12632256,12632256,12632256,1,小知知,,501183549,1,0,False,0,0,0,铃铛,31175,0,http://i2.hdslb.com/bfs/face/bdf4b65b49fe0d2683e88a14cc5e1b8da56d518d.jpg,0,0,0,16,1000,2,0,6000,3,None,1,gold,0,None,Live,,投喂,batch:gift:combo_id:449382377:23920239:31175:1640695513.4219,6,None,31175,铃铛,1,None,449382377,妖怪妖怪的粪叉,batch:gift:combo_id:449382377:23920239:31175:1640695513.4219,投喂,gift,
SEND_GIFT,阿宝就是,480484134,1000,None,1640695541,1640695541131400001,,0,2,2,0,0,None,1640695541131400001,0,32597925,1000,,1,,0,,0,0,0,6126494,12632256,12632256,12632256,5,抖抖傲,,1345815291,1,0,False,0,0,0,铃铛,31175,0,http://i0.hdslb.com/bfs/face/member/noface.jpg,0,0,0,24,1000,2,0,2000,3,None,1,gold,0,None,Live,,投喂,batch:gift:combo_id:480484134:23920239:31175:1640695540.3096,2,None,31175,铃铛,1,None,480484134,阿宝就是,batch:gift:combo_id:480484134:23920239:31175:1640695540.3096,投喂,gift,
SEND_GIFT,阿宝就是,480484134,1000,None,1640695542,1640695542131400001,,0,3,3,0,0,None,1640695542131400001,0,32597958,1000,,1,,0,,0,0,0,6126494,12632256,12632256,12632256,5,抖抖傲,,1345815291,1,0,False,0,0,0,铃铛,31175,0,http://i0.hdslb.com/bfs/face/member/noface.jpg,0,0,0,24,1000,2,0,3000,3,None,1,gold,0,None,Live,,投喂,batch:gift:combo_id:480484134:23920239:31175:1640695540.3096,3,None,31175,铃铛,1,None,480484134,阿宝就是,batch:gift:combo_id:480484134:23920239:31175:1640695540.3096,投喂,gift,
SEND_GIFT,阿宝就是,480484134,1000,None,1640695543,1640695543131400001,,0,4,4,0,0,None,1640695543131400001,0,32597987,1000,,1,,0,,0,0,0,6126494,12632256,12632256,12632256,5,抖抖傲,,1345815291,1,0,False,0,0,0,铃铛,31175,0,http://i0.hdslb.com/bfs/face/member/noface.jpg,0,0,0,24,1000,2,0,4000,3,None,1,gold,0,None,Live,,投喂,batch:gift:combo_id:480484134:23920239:31175:1640695540.3096,4,None,31175,铃铛,1,None,480484134,阿宝就是,batch:gift:combo_id:480484134:23920239:31175:1640695540.3096,投喂,gift,
SEND_GIFT,阿宝就是,480484134,1000,None,1640695545,1640695545131400001,,0,5,5,0,0,None,1640695545131400001,0,32598048,1000,,1,,0,,0,0,0,6126494,12632256,12632256,12632256,5,抖抖傲,,1345815291,1,0,False,0,0,0,铃铛,31175,0,http://i0.hdslb.com/bfs/face/member/noface.jpg,0,0,0,24,1000,2,0,5000,3,None,1,gold,0,None,Live,,投喂,batch:gift:combo_id:480484134:23920239:31175:1640695540.3096,5,None,31175,铃铛,1,None,480484134,阿宝就是,batch:gift:combo_id:480484134:23920239:31175:1640695540.3096,投喂,gift,
SEND_GIFT,阿宝就是,480484134,1000,None,1640695545,1640695545131400003,,0,6,6,0,0,None,1640695545131400003,0,32598048,1000,,1,,0,,0,0,0,6126494,12632256,12632256,12632256,5,抖抖傲,,1345815291,1,0,False,0,0,0,铃铛,31175,0,http://i0.hdslb.com/bfs/face/member/noface.jpg,0,0,0,24,1000,2,0,6000,3,None,1,gold,0,None,Live,,投喂,batch:gift:combo_id:480484134:23920239:31175:1640695540.3096,6,None,31175,铃铛,1,None,480484134,阿宝就是,batch:gift:combo_id:480484134:23920239:31175:1640695540.3096,投喂,gift,
SEND_GIFT,黑の魔王様,6269453,1000,None,1640695571,1640695571121300001,,0,2,2,0,0,None,1640695571121300001,0,32598588,1000,,1,,0,,0,0,0,0,0,0,0,0,,,0,1,0,False,0,0,0,铃铛,31175,0,http://i2.hdslb.com/bfs/face/c4db173b48677fb02439164b8b01c24a4bc86cfa.jpg,0,0,0,8,1000,2,0,2000,3,None,1,gold,0,None,Live,,投喂,batch:gift:combo_id:6269453:23920239:31175:1640695570.2759,2,None,31175,铃铛,1,None,6269453,黑の魔王様,batch:gift:combo_id:6269453:23920239:31175:1640695570.2759,投喂,gift,
SEND_GIFT,黑の魔王様,6269453,1000,None,1640695571,1640695571121300002,,0,3,3,0,0,None,1640695571121300002,0,32598588,1000,,1,,0,,0,0,0,0,0,0,0,0,,,0,1,0,False,0,0,0,铃铛,31175,0,http://i2.hdslb.com/bfs/face/c4db173b48677fb02439164b8b01c24a4bc86cfa.jpg,0,0,0,8,1000,2,0,3000,3,None,1,gold,0,None,Live,,投喂,batch:gift:combo_id:6269453:23920239:31175:1640695570.2759,3,None,31175,铃铛,1,None,6269453,黑の魔王様,batch:gift:combo_id:6269453:23920239:31175:1640695570.2759,投喂,gift,
SEND_GIFT,黑の魔王様,6269453,1000,None,1640695572,1640695572121300001,,0,4,4,0,0,None,1640695572121300001,0,32598588,1000,,1,,0,,0,0,0,0,0,0,0,0,,,0,1,0,False,0,0,0,铃铛,31175,0,http://i2.hdslb.com/bfs/face/c4db173b48677fb02439164b8b01c24a4bc86cfa.jpg,0,0,0,8,1000,2,0,4000,3,None,1,gold,0,None,Live,,投喂,batch:gift:combo_id:6269453:23920239:31175:1640695570.2759,4,None,31175,铃铛,1,None,6269453,黑の魔王様,batch:gift:combo_id:6269453:23920239:31175:1640695570.2759,投喂,gift,
SEND_GIFT,黑の魔王様,6269453,1000,None,1640695572,1640695572121300002,,0,5,5,0,0,None,1640695572121300002,0,32598609,1000,,1,,0,,0,0,0,0,0,0,0,0,,,0,1,0,False,0,0,0,铃铛,31175,0,http://i2.hdslb.com/bfs/face/c4db173b48677fb02439164b8b01c24a4bc86cfa.jpg,0,0,0,8,1000,2,0,5000,3,None,1,gold,0,None,Live,,投喂,batch:gift:combo_id:6269453:23920239:31175:1640695570.2759,5,None,31175,铃铛,1,None,6269453,黑の魔王様,batch:gift:combo_id:6269453:23920239:31175:1640695570.2759,投喂,gift,
SEND_GIFT,凯奇酱,30148844,1000,None,1640696069,1640696069121400001,,0,2,2,0,0,None,1640696069121400001,0,32615156,1000,,1,,0,,0,0,0,0,0,0,0,0,,,0,1,0,False,0,0,0,铃铛,31175,0,http://i2.hdslb.com/bfs/face/a28bab91d091bd8864949d55833dce4066c559a8.jpg,0,0,0,8,1000,2,0,2000,3,None,1,gold,0,None,Live,,投喂,batch:gift:combo_id:30148844:23920239:31175:1640696061.2130,2,None,31175,铃铛,1,None,30148844,凯奇酱,batch:gift:combo_id:30148844:23920239:31175:1640696061.2130,投喂,gift,
SEND_GIFT,凯奇酱,30148844,1000,None,1640696072,1640696072121400001,,0,3,3,0,0,None,1640696072121400001,0,32615198,1000,,1,,0,,0,0,0,0,0,0,0,0,,,0,1,0,False,0,0,0,铃铛,31175,0,http://i2.hdslb.com/bfs/face/a28bab91d091bd8864949d55833dce4066c559a8.jpg,0,0,0,8,1000,2,0,3000,3,None,1,gold,0,None,Live,,投喂,batch:gift:combo_id:30148844:23920239:31175:1640696061.2130,3,None,31175,铃铛,1,None,30148844,凯奇酱,batch:gift:combo_id:30148844:23920239:31175:1640696061.2130,投喂,gift,
SEND_GIFT,lililili弹幕网,24651363,1000,None,1640696083,1640696083121300001,,0,2,2,0,0,None,1640696083121300001,0,32615409,1000,,1,,0,,0,0,0,6067854,12632256,12632256,12632256,4,粉丝团,,456664753,1,0,False,0,0,0,这个好诶,30758,0,http://i0.hdslb.com/bfs/face/4330038d80d30c3d8f02b3c0c8c9df1ac86f86ce.jpg,0,0,0,16,1000,2,0,2000,3,None,1,gold,0,None,Live,,投喂,batch:gift:combo_id:24651363:23920239:30758:1640696082.0329,2,None,30758,这个好诶,1,None,24651363,lililili弹幕网,batch:gift:combo_id:24651363:23920239:30758:1640696082.0329,投喂,gift,
SEND_GIFT,lililili弹幕网,24651363,1000,None,1640696083,1640696083121300004,,0,3,3,0,0,None,1640696083121300004,0,32615423,1000,,1,,0,,0,0,0,6067854,12632256,12632256,12632256,4,粉丝团,,456664753,1,0,False,0,0,0,这个好诶,30758,0,http://i0.hdslb.com/bfs/face/4330038d80d30c3d8f02b3c0c8c9df1ac86f86ce.jpg,0,0,0,16,1000,2,0,3000,3,None,1,gold,0,None,Live,,投喂,batch:gift:combo_id:24651363:23920239:30758:1640696082.0329,3,None,30758,这个好诶,1,None,24651363,lililili弹幕网,batch:gift:combo_id:24651363:23920239:30758:1640696082.0329,投喂,gift,
SEND_GIFT,lililili弹幕网,24651363,1000,None,1640696084,1640696084121300002,,0,4,4,0,0,None,1640696084121300002,0,32615423,1000,,1,,0,,0,0,0,6067854,12632256,12632256,12632256,4,粉丝团,,456664753,1,0,False,0,0,0,这个好诶,30758,0,http://i0.hdslb.com/bfs/face/4330038d80d30c3d8f02b3c0c8c9df1ac86f86ce.jpg,0,0,0,16,1000,2,0,4000,3,None,1,gold,0,None,Live,,投喂,batch:gift:combo_id:24651363:23920239:30758:1640696082.0329,4,None,30758,这个好诶,1,None,24651363,lililili弹幕网,batch:gift:combo_id:24651363:23920239:30758:1640696082.0329,投喂,gift,
SEND_GIFT,lililili弹幕网,24651363,1000,None,1640696084,1640696084121300003,,0,5,5,0,0,None,1640696084121300003,0,32615437,1000,,1,,0,,0,0,0,6067854,12632256,12632256,12632256,4,粉丝团,,456664753,1,0,False,0,0,0,这个好诶,30758,0,http://i0.hdslb.com/bfs/face/4330038d80d30c3d8f02b3c0c8c9df1ac86f86ce.jpg,0,0,0,16,1000,2,0,5000,3,None,1,gold,0,None,Live,,投喂,batch:gift:combo_id:24651363:23920239:30758:1640696082.0329,5,None,30758,这个好诶,1,None,24651363,lililili弹幕网,batch:gift:combo_id:24651363:23920239:30758:1640696082.0329,投喂,gift,
SEND_GIFT,lililili弹幕网,24651363,1000,None,1640696084,1640696084121300004,,0,6,6,0,0,None,1640696084121300004,0,32615437,1000,,1,,0,,0,0,0,6067854,12632256,12632256,12632256,4,粉丝团,,456664753,1,0,False,0,0,0,这个好诶,30758,0,http://i0.hdslb.com/bfs/face/4330038d80d30c3d8f02b3c0c8c9df1ac86f86ce.jpg,0,0,0,16,1000,2,0,6000,3,None,1,gold,0,None,Live,,投喂,batch:gift:combo_id:24651363:23920239:30758:1640696082.0329,6,None,30758,这个好诶,1,None,24651363,lililili弹幕网,batch:gift:combo_id:24651363:23920239:30758:1640696082.0329,投喂,gift,
SEND_GIFT,lililili弹幕网,24651363,1000,None,1640696085,1640696085121300001,,0,7,7,0,0,None,1640696085121300001,0,32615437,1000,,1,,0,,0,0,0,6067854,12632256,12632256,12632256,4,粉丝团,,456664753,1,0,False,0,0,0,这个好诶,30758,0,http://i0.hdslb.com/bfs/face/4330038d80d30c3d8f02b3c0c8c9df1ac86f86ce.jpg,0,0,0,16,1000,2,0,7000,3,None,1,gold,0,None,Live,,投喂,batch:gift:combo_id:24651363:23920239:30758:1640696082.0329,7,None,30758,这个好诶,1,None,24651363,lililili弹幕网,batch:gift:combo_id:24651363:23920239:30758:1640696082.0329,投喂,gift,
SEND_GIFT,lililili弹幕网,24651363,1000,None,1640696085,1640696085121300002,,0,8,8,0,0,None,1640696085121300002,0,32615460,1000,,1,,0,,0,0,0,6067854,12632256,12632256,12632256,4,粉丝团,,456664753,1,0,False,0,0,0,这个好诶,30758,0,http://i0.hdslb.com/bfs/face/4330038d80d30c3d8f02b3c0c8c9df1ac86f86ce.jpg,0,0,0,16,1000,2,0,8000,3,None,1,gold,0,None,Live,,投喂,batch:gift:combo_id:24651363:23920239:30758:1640696082.0329,8,None,30758,这个好诶,1,None,24651363,lililili弹幕网,batch:gift:combo_id:24651363:23920239:30758:1640696082.0329,投喂,gift,
SEND_GIFT,lililili弹幕网,24651363,1000,None,1640696086,1640696086121300001,,0,9,9,0,0,None,1640696086121300001,0,32615460,1000,,1,,0,,0,0,0,6067854,12632256,12632256,12632256,4,粉丝团,,456664753,1,0,False,0,0,0,这个好诶,30758,0,http://i0.hdslb.com/bfs/face/4330038d80d30c3d8f02b3c0c8c9df1ac86f86ce.jpg,0,0,0,16,1000,2,0,9000,3,None,1,gold,0,None,Live,,投喂,batch:gift:combo_id:24651363:23920239:30758:1640696082.0329,9,None,30758,这个好诶,1,None,24651363,lililili弹幕网,batch:gift:combo_id:24651363:23920239:30758:1640696082.0329,投喂,gift,
SEND_GIFT,心若孤莲,10546120,1000,None,1640696244,1640696244120000001,,0,14,14,0,0,None,1640696244120000001,2,32620546,1000,,1,,0,,0,0,0,6067854,12632256,12632256,12632256,4,锦依卫,,36081646,1.1,0,False,0,0,0,生日快乐,30254,0,http://i1.hdslb.com/bfs/face/052885a4541d8670d43b9551a22da5086454b1a2.jpg,0,0,0,16,0,2,0,14000,2,None,0,silver,0,None,live,,投喂,batch:gift:combo_id:10546120:23920239:30254:1640696238.7174,14,None,30254,生日快乐,1,None,10546120,心若孤莲,batch:gift:combo_id:10546120:23920239:30254:1640696238.7174,投喂,gift,
SEND_GIFT,何一凡ZHEN纳兹,351191041,1000,None,1640696251,1640696251121100006,,0,2,2,0,0,None,1640696251121100006,0,32620877,1000,,1,,0,,0,0,1,6067854,6067854,6067854,6067854,2,米粉,,23920239,1,0,False,0,0,0,铃铛,31175,0,http://i1.hdslb.com/bfs/face/05ab0c2e735b131b3df232bb74e8ad53e580813e.jpg,0,0,0,32,1000,2,0,2000,3,None,1,gold,0,None,Live,,投喂,batch:gift:combo_id:351191041:23920239:31175:1640696250.2268,2,None,31175,铃铛,1,None,351191041,何一凡ZHEN纳兹,batch:gift:combo_id:351191041:23920239:31175:1640696250.2268,投喂,gift,
SEND_GIFT,何一凡ZHEN纳兹,351191041,1000,None,1640696251,1640696251121100010,,0,3,3,0,0,None,1640696251121100010,0,32620877,1000,,1,,0,,0,0,1,6067854,6067854,6067854,6067854,2,米粉,,23920239,1,0,False,0,0,0,铃铛,31175,0,http://i1.hdslb.com/bfs/face/05ab0c2e735b131b3df232bb74e8ad53e580813e.jpg,0,0,0,32,1000,2,0,3000,3,None,1,gold,0,None,Live,,投喂,batch:gift:combo_id:351191041:23920239:31175:1640696250.2268,3,None,31175,铃铛,1,None,351191041,何一凡ZHEN纳兹,batch:gift:combo_id:351191041:23920239:31175:1640696250.2268,投喂,gift,
SEND_GIFT,何一凡ZHEN纳兹,351191041,1000,None,1640696252,1640696252121100005,,0,4,4,0,0,None,1640696252121100005,0,32620922,1000,,1,,0,,0,0,1,6067854,6067854,6067854,6067854,2,米粉,,23920239,1,0,False,0,0,0,铃铛,31175,0,http://i1.hdslb.com/bfs/face/05ab0c2e735b131b3df232bb74e8ad53e580813e.jpg,0,0,0,32,1000,2,0,4000,3,None,1,gold,0,None,Live,,投喂,batch:gift:combo_id:351191041:23920239:31175:1640696250.2268,4,None,31175,铃铛,1,None,351191041,何一凡ZHEN纳兹,batch:gift:combo_id:351191041:23920239:31175:1640696250.2268,投喂,gift,
SEND_GIFT,何一凡ZHEN纳兹,351191041,1000,None,1640696252,1640696252121100010,,0,5,5,0,0,None,1640696252121100010,0,32620922,1000,,1,,0,,0,0,1,6067854,6067854,6067854,6067854,2,米粉,,23920239,1,0,False,0,0,0,铃铛,31175,0,http://i1.hdslb.com/bfs/face/05ab0c2e735b131b3df232bb74e8ad53e580813e.jpg,0,0,0,32,1000,2,0,5000,3,None,1,gold,0,None,Live,,投喂,batch:gift:combo_id:351191041:23920239:31175:1640696250.2268,5,None,31175,铃铛,1,None,351191041,何一凡ZHEN纳兹,batch:gift:combo_id:351191041:23920239:31175:1640696250.2268,投喂,gift,
SEND_GIFT,变化的不是自己,109415269,100,None,1640696258,1640696258111900001,,0,21,1,0,0,None,1640696258111900001,0,32621532,100,,1,,0,,0,0,1,6067854,6067854,6067854,6067854,4,米粉,,23920239,1,0,False,0,0,0,粉丝团灯牌,31164,0,http://i1.hdslb.com/bfs/face/cbb47247b5c1bcd7e2c4cdd5f7fb5184c5bd3f8d.jpg,0,3,0,32,100,1,0,100,3,None,1,gold,0,None,Live,0,投喂,batch:gift:combo_id:109415269:23920239:31164:1640696258.2336,1,None,31164,粉丝团灯牌,1,None,109415269,变化的不是自己,batch:gift:combo_id:109415269:23920239:31164:1640696258.2336,投喂,gift,
SEND_GIFT,LLCCCYYY,8788009,1000,None,1640696331,1640696331121900002,,0,2,2,0,0,None,1640696331121900002,0,32625654,1000,,1,,0,,0,0,0,6067854,12632256,12632256,12632256,3,团徽,,20165629,1,0,False,0,0,0,铃铛,31175,0,http://i1.hdslb.com/bfs/face/f701cee71a84f2ecfd1f55c81f79176260250229.jpg,0,0,0,16,1000,2,0,2000,3,None,1,gold,0,None,Live,,投喂,batch:gift:combo_id:8788009:23920239:31175:1640696330.2473,2,None,31175,铃铛,1,None,8788009,LLCCCYYY,batch:gift:combo_id:8788009:23920239:31175:1640696330.2473,投喂,gift,
SEND_GIFT,LLCCCYYY,8788009,1000,None,1640696331,1640696331121900005,,0,3,3,0,0,None,1640696331121900005,0,32625674,1000,,1,,0,,0,0,0,6067854,12632256,12632256,12632256,3,团徽,,20165629,1,0,False,0,0,0,铃铛,31175,0,http://i1.hdslb.com/bfs/face/f701cee71a84f2ecfd1f55c81f79176260250229.jpg,0,0,0,16,1000,2,0,3000,3,None,1,gold,0,None,Live,,投喂,batch:gift:combo_id:8788009:23920239:31175:1640696330.2473,3,None,31175,铃铛,1,None,8788009,LLCCCYYY,batch:gift:combo_id:8788009:23920239:31175:1640696330.2473,投喂,gift,
SEND_GIFT,LLCCCYYY,8788009,1000,None,1640696331,1640696331121900007,,0,4,4,0,0,None,1640696331121900007,0,32625675,1000,,1,,0,,0,0,0,6067854,12632256,12632256,12632256,3,团徽,,20165629,1,0,False,0,0,0,铃铛,31175,0,http://i1.hdslb.com/bfs/face/f701cee71a84f2ecfd1f55c81f79176260250229.jpg,0,0,0,16,1000,2,0,4000,3,None,1,gold,0,None,Live,,投喂,batch:gift:combo_id:8788009:23920239:31175:1640696330.2473,4,None,31175,铃铛,1,None,8788009,LLCCCYYY,batch:gift:combo_id:8788009:23920239:31175:1640696330.2473,投喂,gift,
SEND_GIFT,LLCCCYYY,8788009,1000,None,1640696332,1640696332121900002,,0,5,5,0,0,None,1640696332121900002,0,32625675,1000,,1,,0,,0,0,0,6067854,12632256,12632256,12632256,3,团徽,,20165629,1,0,False,0,0,0,铃铛,31175,0,http://i1.hdslb.com/bfs/face/f701cee71a84f2ecfd1f55c81f79176260250229.jpg,0,0,0,16,1000,2,0,5000,3,None,1,gold,0,None,Live,,投喂,batch:gift:combo_id:8788009:23920239:31175:1640696330.2473,5,None,31175,铃铛,1,None,8788009,LLCCCYYY,batch:gift:combo_id:8788009:23920239:31175:1640696330.2473,投喂,gift,
SEND_GIFT,Dingling_Bye,358197658,1000,None,1640696363,1640696363120800008,,0,2,2,0,0,None,1810845540,6,32626353,1000,,1,,0,,0,0,0,6067854,12632256,12632256,12632256,2,大能,,46708782,1,0,False,0,0,0,生日快乐,30254,0,http://i1.hdslb.com/bfs/face/79fc5ca9778c0bb88157f7baa890fc460f5552ab.jpg,0,0,0,16,0,2,0,2000,2,None,0,silver,0,None,Live,,投喂,batch:gift:combo_id:358197658:23920239:30254:1640696362.4750,2,None,30254,生日快乐,1,None,358197658,Dingling_Bye,batch:gift:combo_id:358197658:23920239:30254:1640696362.4750,投喂,gift,
SEND_GIFT,银币哦是硬币,209277497,1000,None,1640696421,1640696421121700006,,0,2,2,0,0,None,1640696421121700006,0,32627523,1000,,1,,0,,0,0,0,0,0,0,0,0,,,0,1,0,False,0,0,0,铃铛,31175,0,http://i2.hdslb.com/bfs/face/6407307b6f25c9d52013ee8a84e6bb7811255b0f.jpg,0,0,0,8,1000,2,0,2000,3,None,1,gold,0,None,Live,,投喂,batch:gift:combo_id:209277497:23920239:31175:1640696421.2177,2,None,31175,铃铛,1,None,209277497,银币哦是硬币,batch:gift:combo_id:209277497:23920239:31175:1640696421.2177,投喂,gift,
SEND_GIFT,银币哦是硬币,209277497,1000,None,1640696422,1640696422121700003,,0,3,3,0,0,None,1640696422121700003,0,32627553,1000,,1,,0,,0,0,0,0,0,0,0,0,,,0,1,0,False,0,0,0,铃铛,31175,0,http://i2.hdslb.com/bfs/face/6407307b6f25c9d52013ee8a84e6bb7811255b0f.jpg,0,0,0,8,1000,2,0,3000,3,None,1,gold,0,None,Live,,投喂,batch:gift:combo_id:209277497:23920239:31175:1640696421.2177,3,None,31175,铃铛,1,None,209277497,银币哦是硬币,batch:gift:combo_id:209277497:23920239:31175:1640696421.2177,投喂,gift,
SEND_GIFT,银币哦是硬币,209277497,1000,None,1640696422,1640696422121700005,,0,4,4,0,0,None,1640696422121700005,0,32627553,1000,,1,,0,,0,0,0,0,0,0,0,0,,,0,1,0,False,0,0,0,铃铛,31175,0,http://i2.hdslb.com/bfs/face/6407307b6f25c9d52013ee8a84e6bb7811255b0f.jpg,0,0,0,8,1000,2,0,4000,3,None,1,gold,0,None,Live,,投喂,batch:gift:combo_id:209277497:23920239:31175:1640696421.2177,4,None,31175,铃铛,1,None,209277497,银币哦是硬币,batch:gift:combo_id:209277497:23920239:31175:1640696421.2177,投喂,gift,
SEND_GIFT,银币哦是硬币,209277497,1000,None,1640696422,1640696422121700006,,0,5,5,0,0,None,1640696422121700006,0,32627553,1000,,1,,0,,0,0,0,0,0,0,0,0,,,0,1,0,False,0,0,0,铃铛,31175,0,http://i2.hdslb.com/bfs/face/6407307b6f25c9d52013ee8a84e6bb7811255b0f.jpg,0,0,0,8,1000,2,0,5000,3,None,1,gold,0,None,Live,,投喂,batch:gift:combo_id:209277497:23920239:31175:1640696421.2177,5,None,31175,铃铛,1,None,209277497,银币哦是硬币,batch:gift:combo_id:209277497:23920239:31175:1640696421.2177,投喂,gift,
SEND_GIFT,银币哦是硬币,209277497,1000,None,1640696423,1640696423121700002,,0,6,6,0,0,None,1640696423121700002,0,32627553,1000,,1,,0,,0,0,0,0,0,0,0,0,,,0,1,0,False,0,0,0,铃铛,31175,0,http://i2.hdslb.com/bfs/face/6407307b6f25c9d52013ee8a84e6bb7811255b0f.jpg,0,0,0,8,1000,2,0,6000,3,None,1,gold,0,None,Live,,投喂,batch:gift:combo_id:209277497:23920239:31175:1640696421.2177,6,None,31175,铃铛,1,None,209277497,银币哦是硬币,batch:gift:combo_id:209277497:23920239:31175:1640696421.2177,投喂,gift,
SEND_GIFT,银币哦是硬币,209277497,1000,None,1640696425,1640696425121700004,,0,7,7,0,0,None,1640696425121700004,0,32627636,1000,,1,,0,,0,0,0,0,0,0,0,0,,,0,1,0,False,0,0,0,铃铛,31175,0,http://i2.hdslb.com/bfs/face/6407307b6f25c9d52013ee8a84e6bb7811255b0f.jpg,0,0,0,8,1000,2,0,7000,3,None,1,gold,0,None,Live,,投喂,batch:gift:combo_id:209277497:23920239:31175:1640696421.2177,7,None,31175,铃铛,1,None,209277497,银币哦是硬币,batch:gift:combo_id:209277497:23920239:31175:1640696421.2177,投喂,gift,
SEND_GIFT,早苗小姐の星星,401496953,1000,None,1640696583,1640696583121300006,,0,2,2,0,0,None,1640696583121300006,0,32632071,1000,,1,,0,,0,0,1,6067854,6067854,6067854,6067854,2,米粉,,23920239,1,0,False,0,0,0,铃铛,31175,0,http://i2.hdslb.com/bfs/face/1a2d12b351b45f7a8e6f238990dcbc8967f02ee4.jpg,0,0,0,32,1000,2,0,2000,3,None,1,gold,0,None,Live,,投喂,batch:gift:combo_id:401496953:23920239:31175:1640696583.5703,2,None,31175,铃铛,1,None,401496953,早苗小姐の星星,batch:gift:combo_id:401496953:23920239:31175:1640696583.5703,投喂,gift,
SEND_GIFT,早苗小姐の星星,401496953,1000,None,1640696583,1640696583121300008,,0,3,3,0,0,None,1640696583121300008,0,32632071,1000,,1,,0,,0,0,1,6067854,6067854,6067854,6067854,2,米粉,,23920239,1,0,False,0,0,0,铃铛,31175,0,http://i2.hdslb.com/bfs/face/1a2d12b351b45f7a8e6f238990dcbc8967f02ee4.jpg,0,0,0,32,1000,2,0,3000,3,None,1,gold,0,None,Live,,投喂,batch:gift:combo_id:401496953:23920239:31175:1640696583.5703,3,None,31175,铃铛,1,None,401496953,早苗小姐の星星,batch:gift:combo_id:401496953:23920239:31175:1640696583.5703,投喂,gift,
SEND_GIFT,早苗小姐の星星,401496953,1000,None,1640696584,1640696584121300002,,0,4,4,0,0,None,1640696584121300002,0,32632098,1000,,1,,0,,0,0,1,6067854,6067854,6067854,6067854,2,米粉,,23920239,1,0,False,0,0,0,铃铛,31175,0,http://i2.hdslb.com/bfs/face/1a2d12b351b45f7a8e6f238990dcbc8967f02ee4.jpg,0,0,0,32,1000,2,0,4000,3,None,1,gold,0,None,Live,,投喂,batch:gift:combo_id:401496953:23920239:31175:1640696583.5703,4,None,31175,铃铛,1,None,401496953,早苗小姐の星星,batch:gift:combo_id:401496953:23920239:31175:1640696583.5703,投喂,gift,
SEND_GIFT,彼梦风向仪,286674170,1000,None,1640696591,1640696591121000004,,0,2,2,0,0,None,1640696591121000004,0,32632220,1000,,1,,0,,0,0,0,6067854,12632256,12632256,12632256,3,Z瓷,,326246517,1,0,False,0,0,0,这个好诶,30758,0,http://i2.hdslb.com/bfs/face/19e98f46dbfcaf5afc44afcbb8384e6ff70685d0.jpg,0,0,0,16,1000,2,0,2000,3,None,1,gold,0,None,Live,,投喂,batch:gift:combo_id:286674170:23920239:30758:1640696591.2844,2,None,30758,这个好诶,1,None,286674170,彼梦风向仪,batch:gift:combo_id:286674170:23920239:30758:1640696591.2844,投喂,gift,
SEND_GIFT,彼梦风向仪,286674170,1000,None,1640696591,1640696591121000006,,0,3,3,0,0,None,1640696591121000006,0,32632220,1000,,1,,0,,0,0,0,6067854,12632256,12632256,12632256,3,Z瓷,,326246517,1,0,False,0,0,0,这个好诶,30758,0,http://i2.hdslb.com/bfs/face/19e98f46dbfcaf5afc44afcbb8384e6ff70685d0.jpg,0,0,0,16,1000,2,0,3000,3,None,1,gold,0,None,Live,,投喂,batch:gift:combo_id:286674170:23920239:30758:1640696591.2844,3,None,30758,这个好诶,1,None,286674170,彼梦风向仪,batch:gift:combo_id:286674170:23920239:30758:1640696591.2844,投喂,gift,
SEND_GIFT,经验exp,37455477,1000,None,1640696897,1640696897121700001,,0,2,2,0,0,None,1640696897121700001,0,32638265,1000,,1,,0,,0,0,0,9272486,12632256,12632256,12632256,10,王牛奶,,508963009,1,0,False,0,0,0,铃铛,31175,0,http://i0.hdslb.com/bfs/face/5aea9bad547701bfd64ad4045703945d5a1d364b.jpg,0,0,0,48,1000,2,0,2000,3,None,1,gold,0,None,Live,,投喂,batch:gift:combo_id:37455477:23920239:31175:1640696896.7093,2,None,31175,铃铛,1,None,37455477,经验exp,batch:gift:combo_id:37455477:23920239:31175:1640696896.7093,投喂,gift,
SEND_GIFT,Harry_Hao,397174981,1000,None,1640696956,1640696956120100002,,0,7,7,0,0,None,1640696956120100002,1,32639424,1000,,1,,0,,0,0,0,0,0,0,0,0,,,0,1,0,False,0,0,0,生日快乐,30254,0,http://i1.hdslb.com/bfs/face/36c0055b603be2e130a8b8b5406760f09239abbd.jpg,0,0,0,8,0,2,0,7000,2,None,0,silver,0,None,live,,投喂,batch:gift:combo_id:397174981:23920239:30254:1640696953.8172,7,None,30254,生日快乐,1,None,397174981,Harry_Hao,batch:gift:combo_id:397174981:23920239:30254:1640696953.8172,投喂,gift,
SEND_GIFT,laukemie,400827789,1000,None,1640697326,1640697326121900001,,0,2,2,0,0,None,1675396870,0,32645715,1000,,1,,0,,0,0,1,6067854,6067854,6067854,6067854,4,米粉,,23920239,1,0,False,0,0,0,铃铛,31175,0,http://i0.hdslb.com/bfs/face/d0e7e364aad5a66721e24734515f04592eb315eb.jpg,0,0,0,32,1000,2,0,2000,3,None,1,gold,0,None,Live,,投喂,batch:gift:combo_id:400827789:23920239:31175:1640697322.7872,2,None,31175,铃铛,1,None,400827789,laukemie,batch:gift:combo_id:400827789:23920239:31175:1640697322.7872,投喂,gift,
SEND_GIFT,laukemie,400827789,1000,None,1640697328,1640697328121900001,,0,3,3,0,0,None,2143312892,0,32645837,1000,,1,,0,,0,0,1,6067854,6067854,6067854,6067854,4,米粉,,23920239,1,0,False,0,0,0,铃铛,31175,0,http://i0.hdslb.com/bfs/face/d0e7e364aad5a66721e24734515f04592eb315eb.jpg,0,0,0,32,1000,2,0,3000,3,None,1,gold,0,None,Live,,投喂,batch:gift:combo_id:400827789:23920239:31175:1640697322.7872,3,None,31175,铃铛,1,None,400827789,laukemie,batch:gift:combo_id:400827789:23920239:31175:1640697322.7872,投喂,gift,
SEND_GIFT,laukemie,400827789,1000,None,1640697328,1640697328121900002,,0,4,4,0,0,None,765166178,0,32645837,1000,,1,,0,,0,0,1,6067854,6067854,6067854,6067854,4,米粉,,23920239,1,0,False,0,0,0,铃铛,31175,0,http://i0.hdslb.com/bfs/face/d0e7e364aad5a66721e24734515f04592eb315eb.jpg,0,0,0,32,1000,2,0,4000,3,None,1,gold,0,None,Live,,投喂,batch:gift:combo_id:400827789:23920239:31175:1640697322.7872,4,None,31175,铃铛,1,None,400827789,laukemie,batch:gift:combo_id:400827789:23920239:31175:1640697322.7872,投喂,gift,
SEND_GIFT,laukemie,400827789,1000,None,1640697330,1640697330121900001,,0,5,5,0,0,None,608682160,0,32646032,1000,,1,,0,,0,0,1,6067854,6067854,6067854,6067854,4,米粉,,23920239,1,0,False,0,0,0,铃铛,31175,0,http://i0.hdslb.com/bfs/face/d0e7e364aad5a66721e24734515f04592eb315eb.jpg,0,0,0,32,1000,2,0,5000,3,None,1,gold,0,None,Live,,投喂,batch:gift:combo_id:400827789:23920239:31175:1640697322.7872,5,None,31175,铃铛,1,None,400827789,laukemie,batch:gift:combo_id:400827789:23920239:31175:1640697322.7872,投喂,gift,
SEND_GIFT,laukemie,400827789,1000,None,1640697333,1640697333121900001,,0,6,6,0,0,None,2054844482,0,32646081,1000,,1,,0,,0,0,1,6067854,6067854,6067854,6067854,4,米粉,,23920239,1,0,False,0,0,0,铃铛,31175,0,http://i0.hdslb.com/bfs/face/d0e7e364aad5a66721e24734515f04592eb315eb.jpg,0,0,0,32,1000,2,0,6000,3,None,1,gold,0,None,Live,,投喂,batch:gift:combo_id:400827789:23920239:31175:1640697322.7872,6,None,31175,铃铛,1,None,400827789,laukemie,batch:gift:combo_id:400827789:23920239:31175:1640697322.7872,投喂,gift,
SEND_GIFT,laukemie,400827789,1000,None,1640697335,1640697335121900002,,0,7,7,0,0,None,1655279036,0,32646189,1000,,1,,0,,0,0,1,6067854,6067854,6067854,6067854,4,米粉,,23920239,1,0,False,0,0,0,铃铛,31175,0,http://i0.hdslb.com/bfs/face/d0e7e364aad5a66721e24734515f04592eb315eb.jpg,0,0,0,32,1000,2,0,7000,3,None,1,gold,0,None,Live,,投喂,batch:gift:combo_id:400827789:23920239:31175:1640697322.7872,7,None,31175,铃铛,1,None,400827789,laukemie,batch:gift:combo_id:400827789:23920239:31175:1640697322.7872,投喂,gift,
SEND_GIFT,laukemie,400827789,1000,None,1640697337,1640697337121900003,,0,8,8,0,0,None,1201771347,0,32646237,1000,,1,,0,,0,0,1,6067854,6067854,6067854,6067854,4,米粉,,23920239,1,0,False,0,0,0,铃铛,31175,0,http://i0.hdslb.com/bfs/face/d0e7e364aad5a66721e24734515f04592eb315eb.jpg,0,0,0,32,1000,2,0,8000,3,None,1,gold,0,None,Live,,投喂,batch:gift:combo_id:400827789:23920239:31175:1640697322.7872,8,None,31175,铃铛,1,None,400827789,laukemie,batch:gift:combo_id:400827789:23920239:31175:1640697322.7872,投喂,gift,
SEND_GIFT,水野纯爱,588133990,1000,None,1640697348,1640697348121000001,,0,2,2,0,0,None,1640697348121000001,0,32646373,1000,,1,,0,,0,0,0,6067854,12632256,12632256,12632256,2,恋乃病,,1900434152,1,0,False,0,0,0,铃铛,31175,0,http://i1.hdslb.com/bfs/face/89ebe15ff6f6d96060ed0c7536272a262f3c4b63.jpg,0,0,0,16,1000,2,0,2000,3,None,1,gold,0,None,Live,,投喂,batch:gift:combo_id:588133990:23920239:31175:1640697347.9989,2,None,31175,铃铛,1,None,588133990,水野纯爱,batch:gift:combo_id:588133990:23920239:31175:1640697347.9989,投喂,gift,
SEND_GIFT,水野纯爱,588133990,1000,None,1640697348,1640697348121000002,,0,3,3,0,0,None,1640697348121000002,0,32646373,1000,,1,,0,,0,0,0,6067854,12632256,12632256,12632256,2,恋乃病,,1900434152,1,0,False,0,0,0,铃铛,31175,0,http://i1.hdslb.com/bfs/face/89ebe15ff6f6d96060ed0c7536272a262f3c4b63.jpg,0,0,0,16,1000,2,0,3000,3,None,1,gold,0,None,Live,,投喂,batch:gift:combo_id:588133990:23920239:31175:1640697347.9989,3,None,31175,铃铛,1,None,588133990,水野纯爱,batch:gift:combo_id:588133990:23920239:31175:1640697347.9989,投喂,gift,
SEND_GIFT,水野纯爱,588133990,1000,None,1640697350,1640697350121000001,,0,4,4,0,0,None,1640697350121000001,0,32646416,1000,,1,,0,,0,0,0,6067854,12632256,12632256,12632256,2,恋乃病,,1900434152,1,0,False,0,0,0,铃铛,31175,0,http://i1.hdslb.com/bfs/face/89ebe15ff6f6d96060ed0c7536272a262f3c4b63.jpg,0,0,0,16,1000,2,0,4000,3,None,1,gold,0,None,Live,,投喂,batch:gift:combo_id:588133990:23920239:31175:1640697347.9989,4,None,31175,铃铛,1,None,588133990,水野纯爱,batch:gift:combo_id:588133990:23920239:31175:1640697347.9989,投喂,gift,
SEND_GIFT,Y浮梦Y,293642465,100,None,1640697392,1640697392121500002,,0,2,1,0,0,None,1640697392121500002,0,32647366,100,,1,,0,,0,0,1,6067854,6067854,6067854,6067854,1,米粉,,23920239,1,0,False,0,0,0,心动卡,30869,0,http://i2.hdslb.com/bfs/face/342abb1cb085cdfc12f950b0de1ccea0d6354777.jpg,0,0,0,32,100,1,0,100,3,None,1,gold,0,None,Live,,投喂,batch:gift:combo_id:293642465:23920239:30869:1640697392.9374,1,None,30869,心动卡,1,None,293642465,Y浮梦Y,batch:gift:combo_id:293642465:23920239:30869:1640697392.9374,投喂,gift,
SEND_GIFT,Bowen丨,269487032,1000,None,1640697414,1640697414131200003,,0,2,2,0,0,None,1640697414131200003,0,32648162,1000,,1,,0,,0,0,0,0,0,0,0,0,,,0,1,0,False,0,0,0,这个好诶,30758,0,http://i2.hdslb.com/bfs/face/60344e6e77f9eb53e63f3721e6a92c36b4c1dd06.jpg,0,0,0,8,1000,2,0,2000,3,None,1,gold,0,None,Live,,投喂,batch:gift:combo_id:269487032:23920239:30758:1640697414.2088,2,None,30758,这个好诶,1,None,269487032,Bowen丨,batch:gift:combo_id:269487032:23920239:30758:1640697414.2088,投喂,gift,
SEND_GIFT,Bowen丨,269487032,1000,None,1640697415,1640697415131200001,,0,3,3,0,0,None,1640697415131200001,0,32648169,1000,,1,,0,,0,0,0,0,0,0,0,0,,,0,1,0,False,0,0,0,这个好诶,30758,0,http://i2.hdslb.com/bfs/face/60344e6e77f9eb53e63f3721e6a92c36b4c1dd06.jpg,0,0,0,8,1000,2,0,3000,3,None,1,gold,0,None,Live,,投喂,batch:gift:combo_id:269487032:23920239:30758:1640697414.2088,3,None,30758,这个好诶,1,None,269487032,Bowen丨,batch:gift:combo_id:269487032:23920239:30758:1640697414.2088,投喂,gift,
SEND_GIFT,奇迹之歌,34011309,1000,None,1640697496,1640697496121900001,,0,2,2,0,0,None,1640697496121900001,0,32650237,1000,,1,,0,,0,0,0,6067854,12632256,12632256,12632256,4,粉丝团,,307511728,1,0,False,0,0,0,铃铛,31175,0,http://i0.hdslb.com/bfs/face/a250bf9ea0309826907cdc091baac5e2e5baec3a.jpg,0,0,0,16,1000,2,0,2000,3,None,1,gold,0,None,Live,,投喂,batch:gift:combo_id:34011309:23920239:31175:1640697493.7151,2,None,31175,铃铛,1,None,34011309,奇迹之歌,batch:gift:combo_id:34011309:23920239:31175:1640697493.7151,投喂,gift,
SEND_GIFT,奇迹之歌,34011309,1000,None,1640697498,1640697498121900006,,0,3,3,0,0,None,1640697498121900006,0,32650275,1000,,1,,0,,0,0,0,6067854,12632256,12632256,12632256,4,粉丝团,,307511728,1,0,False,0,0,0,铃铛,31175,0,http://i0.hdslb.com/bfs/face/a250bf9ea0309826907cdc091baac5e2e5baec3a.jpg,0,0,0,16,1000,2,0,3000,3,None,1,gold,0,None,Live,,投喂,batch:gift:combo_id:34011309:23920239:31175:1640697493.7151,3,None,31175,铃铛,1,None,34011309,奇迹之歌,batch:gift:combo_id:34011309:23920239:31175:1640697493.7151,投喂,gift,
SEND_GIFT,奇迹之歌,34011309,1000,None,1640697499,1640697499121900003,,0,4,4,0,0,None,1640697499121900003,0,32650278,1000,,1,,0,,0,0,0,6067854,12632256,12632256,12632256,4,粉丝团,,307511728,1,0,False,0,0,0,铃铛,31175,0,http://i0.hdslb.com/bfs/face/a250bf9ea0309826907cdc091baac5e2e5baec3a.jpg,0,0,0,16,1000,2,0,4000,3,None,1,gold,0,None,Live,,投喂,batch:gift:combo_id:34011309:23920239:31175:1640697493.7151,4,None,31175,铃铛,1,None,34011309,奇迹之歌,batch:gift:combo_id:34011309:23920239:31175:1640697493.7151,投喂,gift,
SEND_GIFT,奇迹之歌,34011309,1000,None,1640697499,1640697499121900006,,0,5,5,0,0,None,1640697499121900006,0,32650288,1000,,1,,0,,0,0,0,6067854,12632256,12632256,12632256,4,粉丝团,,307511728,1,0,False,0,0,0,铃铛,31175,0,http://i0.hdslb.com/bfs/face/a250bf9ea0309826907cdc091baac5e2e5baec3a.jpg,0,0,0,16,1000,2,0,5000,3,None,1,gold,0,None,Live,,投喂,batch:gift:combo_id:34011309:23920239:31175:1640697493.7151,5,None,31175,铃铛,1,None,34011309,奇迹之歌,batch:gift:combo_id:34011309:23920239:31175:1640697493.7151,投喂,gift,
SEND_GIFT,奇迹之歌,34011309,1000,None,1640697500,1640697500121900002,,0,6,6,0,0,None,1640697500121900002,0,32650288,1000,,1,,0,,0,0,0,6067854,12632256,12632256,12632256,4,粉丝团,,307511728,1,0,False,0,0,0,铃铛,31175,0,http://i0.hdslb.com/bfs/face/a250bf9ea0309826907cdc091baac5e2e5baec3a.jpg,0,0,0,16,1000,2,0,6000,3,None,1,gold,0,None,Live,,投喂,batch:gift:combo_id:34011309:23920239:31175:1640697493.7151,6,None,31175,铃铛,1,None,34011309,奇迹之歌,batch:gift:combo_id:34011309:23920239:31175:1640697493.7151,投喂,gift,
SEND_GIFT,李小锅锅,14215145,1000,None,1640697552,1640697552121500005,,0,2,2,0,0,None,1640697552121500005,0,32652496,1000,,1,,0,,0,0,1,6067854,6067854,6067854,6067854,2,米粉,,23920239,1,0,False,0,0,0,铃铛,31175,0,http://i2.hdslb.com/bfs/face/733c30d145c007e868e13c53a24ac0d1ffc50c61.jpg,0,0,0,32,1000,2,0,2000,3,None,1,gold,0,None,Live,,投喂,batch:gift:combo_id:14215145:23920239:31175:1640697551.3426,2,None,31175,铃铛,1,None,14215145,李小锅锅,batch:gift:combo_id:14215145:23920239:31175:1640697551.3426,投喂,gift,
SEND_GIFT,李小锅锅,14215145,1000,None,1640697554,1640697554121500001,,0,3,3,0,0,None,1640697554121500001,0,32652541,1000,,1,,0,,0,0,1,6067854,6067854,6067854,6067854,2,米粉,,23920239,1,0,False,0,0,0,铃铛,31175,0,http://i2.hdslb.com/bfs/face/733c30d145c007e868e13c53a24ac0d1ffc50c61.jpg,0,0,0,32,1000,2,0,3000,3,None,1,gold,0,None,Live,,投喂,batch:gift:combo_id:14215145:23920239:31175:1640697551.3426,3,None,31175,铃铛,1,None,14215145,李小锅锅,batch:gift:combo_id:14215145:23920239:31175:1640697551.3426,投喂,gift,
SEND_GIFT,李小锅锅,14215145,1000,None,1640697554,1640697554121500003,,0,4,4,0,0,None,1640697554121500003,0,32652599,1000,,1,,0,,0,0,1,6067854,6067854,6067854,6067854,2,米粉,,23920239,1,0,False,0,0,0,铃铛,31175,0,http://i2.hdslb.com/bfs/face/733c30d145c007e868e13c53a24ac0d1ffc50c61.jpg,0,0,0,32,1000,2,0,4000,3,None,1,gold,0,None,Live,,投喂,batch:gift:combo_id:14215145:23920239:31175:1640697551.3426,4,None,31175,铃铛,1,None,14215145,李小锅锅,batch:gift:combo_id:14215145:23920239:31175:1640697551.3426,投喂,gift,
SEND_GIFT,李小锅锅,14215145,1000,None,1640697556,1640697556121500001,,0,5,5,0,0,None,1640697556121500001,0,32652639,1000,,1,,0,,0,0,1,6067854,6067854,6067854,6067854,2,米粉,,23920239,1,0,False,0,0,0,铃铛,31175,0,http://i2.hdslb.com/bfs/face/733c30d145c007e868e13c53a24ac0d1ffc50c61.jpg,0,0,0,32,1000,2,0,5000,3,None,1,gold,0,None,Live,,投喂,batch:gift:combo_id:14215145:23920239:31175:1640697551.3426,5,None,31175,铃铛,1,None,14215145,李小锅锅,batch:gift:combo_id:14215145:23920239:31175:1640697551.3426,投喂,gift,
SEND_GIFT,de铁锅,94756251,1000,None,1640697570,1640697570121100001,,0,2,2,0,0,None,1640697570121100001,0,32653420,1000,,1,,0,,0,0,1,6067854,6067854,6067854,6067854,1,米粉,,23920239,1,0,False,0,0,0,铃铛,31175,0,http://i0.hdslb.com/bfs/face/0010f77cf72e7c54d4adbcdee73e2ef6611d83e2.jpg,0,0,0,80,1000,2,0,2000,3,None,1,gold,0,None,Live,,投喂,batch:gift:combo_id:94756251:23920239:31175:1640697568.9655,2,None,31175,铃铛,1,None,94756251,de铁锅,batch:gift:combo_id:94756251:23920239:31175:1640697568.9655,投喂,gift,
SEND_GIFT,de铁锅,94756251,1000,None,1640697571,1640697571121100003,,0,3,3,0,0,None,1640697571121100003,0,32653445,1000,,1,,0,,0,0,1,6067854,6067854,6067854,6067854,1,米粉,,23920239,1,0,False,0,0,0,铃铛,31175,0,http://i0.hdslb.com/bfs/face/0010f77cf72e7c54d4adbcdee73e2ef6611d83e2.jpg,0,0,0,80,1000,2,0,3000,3,None,1,gold,0,None,Live,,投喂,batch:gift:combo_id:94756251:23920239:31175:1640697568.9655,3,None,31175,铃铛,1,None,94756251,de铁锅,batch:gift:combo_id:94756251:23920239:31175:1640697568.9655,投喂,gift,
SEND_GIFT,de铁锅,94756251,1000,None,1640697571,1640697571121100006,,0,4,4,0,0,None,1640697571121100006,0,32653445,1000,,1,,0,,0,0,1,6067854,6067854,6067854,6067854,1,米粉,,23920239,1,0,False,0,0,0,铃铛,31175,0,http://i0.hdslb.com/bfs/face/0010f77cf72e7c54d4adbcdee73e2ef6611d83e2.jpg,0,0,0,80,1000,2,0,4000,3,None,1,gold,0,None,Live,,投喂,batch:gift:combo_id:94756251:23920239:31175:1640697568.9655,4,None,31175,铃铛,1,None,94756251,de铁锅,batch:gift:combo_id:94756251:23920239:31175:1640697568.9655,投喂,gift,
SEND_GIFT,de铁锅,94756251,1000,None,1640697571,1640697571121100007,,0,5,5,0,0,None,1640697571121100007,0,32653445,1000,,1,,0,,0,0,1,6067854,6067854,6067854,6067854,1,米粉,,23920239,1,0,False,0,0,0,铃铛,31175,0,http://i0.hdslb.com/bfs/face/0010f77cf72e7c54d4adbcdee73e2ef6611d83e2.jpg,0,0,0,80,1000,2,0,5000,3,None,1,gold,0,None,Live,,投喂,batch:gift:combo_id:94756251:23920239:31175:1640697568.9655,5,None,31175,铃铛,1,None,94756251,de铁锅,batch:gift:combo_id:94756251:23920239:31175:1640697568.9655,投喂,gift,
SEND_GIFT,血小板5512,355199883,1000,None,1640697607,1640697607121300001,,0,2,2,0,0,None,1640697607121300001,0,32655795,1000,,1,,0,,0,0,1,6067854,6067854,6067854,6067854,1,米粉,,23920239,1,0,False,0,0,0,铃铛,31175,0,http://i0.hdslb.com/bfs/face/af5684de8d78277b6ccff468eb2f9abf3dc36a0b.jpg,0,0,0,32,1000,2,0,2000,3,None,1,gold,0,None,Live,,投喂,batch:gift:combo_id:355199883:23920239:31175:1640697606.3572,2,None,31175,铃铛,1,None,355199883,血小板5512,batch:gift:combo_id:355199883:23920239:31175:1640697606.3572,投喂,gift,
SEND_GIFT,血小板5512,355199883,1000,None,1640697608,1640697608121300001,,0,3,3,0,0,None,1640697608121300001,0,32655795,1000,,1,,0,,0,0,1,6067854,6067854,6067854,6067854,1,米粉,,23920239,1,0,False,0,0,0,铃铛,31175,0,http://i0.hdslb.com/bfs/face/af5684de8d78277b6ccff468eb2f9abf3dc36a0b.jpg,0,0,0,32,1000,2,0,3000,3,None,1,gold,0,None,Live,,投喂,batch:gift:combo_id:355199883:23920239:31175:1640697606.3572,3,None,31175,铃铛,1,None,355199883,血小板5512,batch:gift:combo_id:355199883:23920239:31175:1640697606.3572,投喂,gift,
SEND_GIFT,血小板5512,355199883,1000,None,1640697611,1640697611121300006,,0,4,4,0,0,None,1640697611121300006,0,32656024,1000,,1,,0,,0,0,1,6067854,6067854,6067854,6067854,1,米粉,,23920239,1,0,False,0,0,0,铃铛,31175,0,http://i0.hdslb.com/bfs/face/af5684de8d78277b6ccff468eb2f9abf3dc36a0b.jpg,0,0,0,32,1000,2,0,4000,3,None,1,gold,0,None,Live,,投喂,batch:gift:combo_id:355199883:23920239:31175:1640697606.3572,4,None,31175,铃铛,1,None,355199883,血小板5512,batch:gift:combo_id:355199883:23920239:31175:1640697606.3572,投喂,gift,
SEND_GIFT,南山坷丶,30838601,1000,None,1640697662,1640697662110100002,,0,3,3,0,0,None,1640697662110100002,2,32657642,1000,,1,,0,,0,0,0,6067854,12632256,12632256,12632256,4,锦依卫,,36081646,1,0,False,0,0,0,生日快乐,30254,0,http://i2.hdslb.com/bfs/face/ce0999aa7f3bdd2875814224b0f5700509c133ef.jpg,0,0,0,16,0,2,0,3000,2,None,0,silver,0,None,Live,0,投喂,batch:gift:combo_id:30838601:23920239:30254:1640697657.9210,3,None,30254,生日快乐,1,None,30838601,南山坷丶,batch:gift:combo_id:30838601:23920239:30254:1640697657.9210,投喂,gift,
SEND_GIFT,小范小同志,403699592,1000,None,1640697711,1640697711121200002,,0,2,2,0,0,None,1640697711121200002,0,32659115,1000,,1,,0,,0,0,1,6067854,6067854,6067854,6067854,3,米粉,,23920239,1,0,False,0,0,0,铃铛,31175,0,http://i2.hdslb.com/bfs/face/c2bbbb248176638e474eef725a9b16f5e7fbfa7a.jpg,0,0,0,32,1000,2,0,2000,3,None,1,gold,0,None,Live,,投喂,batch:gift:combo_id:403699592:23920239:31175:1640697709.6033,2,None,31175,铃铛,1,None,403699592,小范小同志,batch:gift:combo_id:403699592:23920239:31175:1640697709.6033,投喂,gift,
SEND_GIFT,小范小同志,403699592,1000,None,1640697712,1640697712121200002,,0,3,3,0,0,None,1640697712121200002,0,32659141,1000,,1,,0,,0,0,1,6067854,6067854,6067854,6067854,3,米粉,,23920239,1,0,False,0,0,0,铃铛,31175,0,http://i2.hdslb.com/bfs/face/c2bbbb248176638e474eef725a9b16f5e7fbfa7a.jpg,0,0,0,32,1000,2,0,3000,3,None,1,gold,0,None,Live,,投喂,batch:gift:combo_id:403699592:23920239:31175:1640697709.6033,3,None,31175,铃铛,1,None,403699592,小范小同志,batch:gift:combo_id:403699592:23920239:31175:1640697709.6033,投喂,gift,
SEND_GIFT,小范小同志,403699592,1000,None,1640697714,1640697714121200001,,0,4,4,0,0,None,1640697714121200001,0,32659169,1000,,1,,0,,0,0,1,6067854,6067854,6067854,6067854,3,米粉,,23920239,1,0,False,0,0,0,铃铛,31175,0,http://i2.hdslb.com/bfs/face/c2bbbb248176638e474eef725a9b16f5e7fbfa7a.jpg,0,0,0,32,1000,2,0,4000,3,None,1,gold,0,None,Live,,投喂,batch:gift:combo_id:403699592:23920239:31175:1640697709.6033,4,None,31175,铃铛,1,None,403699592,小范小同志,batch:gift:combo_id:403699592:23920239:31175:1640697709.6033,投喂,gift,
SEND_GIFT,owen还可以,29531222,1000,None,1640697798,1640697798111200001,,0,2,2,0,0,None,1640697798111200001,0,32662644,1000,,1,,0,,0,0,0,1725515,12632256,12632256,12632256,22,因因怪,,5408270,1,0,False,0,0,0,铃铛,31175,0,http://i2.hdslb.com/bfs/face/ed5cee6c6d0173bb042776964cb5c1653c145b03.jpg,0,0,0,64,1000,2,0,2000,3,None,1,gold,0,None,Live,0,投喂,batch:gift:combo_id:29531222:23920239:31175:1640697797.5838,2,None,31175,铃铛,1,None,29531222,owen还可以,batch:gift:combo_id:29531222:23920239:31175:1640697797.5838,投喂,gift,
SEND_GIFT,owen还可以,29531222,1000,None,1640697798,1640697798111200002,,0,3,3,0,0,None,1640697798111200002,0,32662644,1000,,1,,0,,0,0,0,1725515,12632256,12632256,12632256,22,因因怪,,5408270,1,0,False,0,0,0,铃铛,31175,0,http://i2.hdslb.com/bfs/face/ed5cee6c6d0173bb042776964cb5c1653c145b03.jpg,0,0,0,64,1000,2,0,3000,3,None,1,gold,0,None,Live,0,投喂,batch:gift:combo_id:29531222:23920239:31175:1640697797.5838,3,None,31175,铃铛,1,None,29531222,owen还可以,batch:gift:combo_id:29531222:23920239:31175:1640697797.5838,投喂,gift,
SEND_GIFT,owen还可以,29531222,1000,None,1640697799,1640697799111200001,,0,4,4,0,0,None,1640697799111200001,0,32662646,1000,,1,,0,,0,0,0,1725515,12632256,12632256,12632256,22,因因怪,,5408270,1,0,False,0,0,0,铃铛,31175,0,http://i2.hdslb.com/bfs/face/ed5cee6c6d0173bb042776964cb5c1653c145b03.jpg,0,0,0,64,1000,2,0,4000,3,None,1,gold,0,None,Live,0,投喂,batch:gift:combo_id:29531222:23920239:31175:1640697797.5838,4,None,31175,铃铛,1,None,29531222,owen还可以,batch:gift:combo_id:29531222:23920239:31175:1640697797.5838,投喂,gift,
SEND_GIFT,owen还可以,29531222,1000,None,1640697800,1640697800111200002,,0,5,5,0,0,None,1640697800111200002,0,32662793,1000,,1,,0,,0,0,0,1725515,12632256,12632256,12632256,22,因因怪,,5408270,1,0,False,0,0,0,铃铛,31175,0,http://i2.hdslb.com/bfs/face/ed5cee6c6d0173bb042776964cb5c1653c145b03.jpg,0,0,0,64,1000,2,0,5000,3,None,1,gold,0,None,Live,0,投喂,batch:gift:combo_id:29531222:23920239:31175:1640697797.5838,5,None,31175,铃铛,1,None,29531222,owen还可以,batch:gift:combo_id:29531222:23920239:31175:1640697797.5838,投喂,gift,
SEND_GIFT,owen还可以,29531222,1000,None,1640697801,1640697801111200002,,0,6,6,0,0,None,1640697801111200002,0,32662820,1000,,1,,0,,0,0,0,1725515,12632256,12632256,12632256,22,因因怪,,5408270,1,0,False,0,0,0,铃铛,31175,0,http://i2.hdslb.com/bfs/face/ed5cee6c6d0173bb042776964cb5c1653c145b03.jpg,0,0,0,64,1000,2,0,6000,3,None,1,gold,0,None,Live,0,投喂,batch:gift:combo_id:29531222:23920239:31175:1640697797.5838,6,None,31175,铃铛,1,None,29531222,owen还可以,batch:gift:combo_id:29531222:23920239:31175:1640697797.5838,投喂,gift,
SEND_GIFT,owen还可以,29531222,1000,None,1640697801,1640697801111200003,,0,7,7,0,0,None,1640697801111200003,0,32662824,1000,,1,,0,,0,0,0,1725515,12632256,12632256,12632256,22,因因怪,,5408270,1,0,False,0,0,0,铃铛,31175,0,http://i2.hdslb.com/bfs/face/ed5cee6c6d0173bb042776964cb5c1653c145b03.jpg,0,0,0,64,1000,2,0,7000,3,None,1,gold,0,None,Live,0,投喂,batch:gift:combo_id:29531222:23920239:31175:1640697797.5838,7,None,31175,铃铛,1,None,29531222,owen还可以,batch:gift:combo_id:29531222:23920239:31175:1640697797.5838,投喂,gift,
SEND_GIFT,owen还可以,29531222,1000,None,1640697804,1640697804111200002,,0,8,8,0,0,None,1640697804111200002,0,32663064,1000,,1,,0,,0,0,0,1725515,12632256,12632256,12632256,22,因因怪,,5408270,1,0,False,0,0,0,铃铛,31175,0,http://i2.hdslb.com/bfs/face/ed5cee6c6d0173bb042776964cb5c1653c145b03.jpg,0,0,0,64,1000,2,0,8000,3,None,1,gold,0,None,Live,0,投喂,batch:gift:combo_id:29531222:23920239:31175:1640697797.5838,8,None,31175,铃铛,1,None,29531222,owen还可以,batch:gift:combo_id:29531222:23920239:31175:1640697797.5838,投喂,gift,
SEND_GIFT,owen还可以,29531222,1000,None,1640697805,1640697805111200001,,0,9,9,0,0,None,1640697805111200001,0,32663064,1000,,1,,0,,0,0,0,1725515,12632256,12632256,12632256,22,因因怪,,5408270,1,0,False,0,0,0,铃铛,31175,0,http://i2.hdslb.com/bfs/face/ed5cee6c6d0173bb042776964cb5c1653c145b03.jpg,0,0,0,64,1000,2,0,9000,3,None,1,gold,0,None,Live,0,投喂,batch:gift:combo_id:29531222:23920239:31175:1640697797.5838,9,None,31175,铃铛,1,None,29531222,owen还可以,batch:gift:combo_id:29531222:23920239:31175:1640697797.5838,投喂,gift,
SEND_GIFT,萀躯一震,16054055,1000,None,1640697897,1640697897111500001,,0,2,2,0,0,None,1640697897111500001,0,32667292,1000,,1,,0,,0,0,1,6067854,6067854,6067854,6067854,1,米粉,,23920239,1,0,False,0,0,0,铃铛,31175,0,http://i2.hdslb.com/bfs/face/3e0af51b39ac7e379c7d448929b7d8b75acdface.jpg,0,0,0,32,1000,2,0,2000,3,None,1,gold,0,None,Live,0,投喂,batch:gift:combo_id:16054055:23920239:31175:1640697896.4907,2,None,31175,铃铛,1,None,16054055,萀躯一震,batch:gift:combo_id:16054055:23920239:31175:1640697896.4907,投喂,gift,
SEND_GIFT,萀躯一震,16054055,1000,None,1640697898,1640697898111500001,,0,3,3,0,0,None,1640697898111500001,0,32667303,1000,,1,,0,,0,0,1,6067854,6067854,6067854,6067854,1,米粉,,23920239,1,0,False,0,0,0,铃铛,31175,0,http://i2.hdslb.com/bfs/face/3e0af51b39ac7e379c7d448929b7d8b75acdface.jpg,0,0,0,32,1000,2,0,3000,3,None,1,gold,0,None,Live,0,投喂,batch:gift:combo_id:16054055:23920239:31175:1640697896.4907,3,None,31175,铃铛,1,None,16054055,萀躯一震,batch:gift:combo_id:16054055:23920239:31175:1640697896.4907,投喂,gift,
SEND_GIFT,妈咪妈咪dong,34391222,1000,None,1640698057,1640698057121200004,,0,2,2,0,0,None,1640698057121200004,0,32671034,1000,,1,,0,,0,0,1,6126494,6126494,6126494,6126494,5,米粉,,23920239,1,0,False,0,0,0,铃铛,31175,0,http://i2.hdslb.com/bfs/face/9a013c8be1b5bfa989a006005c4912e77f8714d3.jpg,0,0,0,40,1000,2,0,2000,3,None,1,gold,0,None,Live,,投喂,batch:gift:combo_id:34391222:23920239:31175:1640698056.9522,2,None,31175,铃铛,1,None,34391222,妈咪妈咪dong,batch:gift:combo_id:34391222:23920239:31175:1640698056.9522,投喂,gift,
SEND_GIFT,莲M,2619604,1000,None,1640698143,1640698143121400001,,0,2,2,0,0,None,1640698143121400001,0,32672694,1000,,1,,0,,0,0,0,0,0,0,0,0,,,0,1,0,False,0,0,0,铃铛,31175,0,http://i1.hdslb.com/bfs/face/e3fd6361e09c0531bdbf89404a1da2bef8bb7eca.jpg,0,0,0,8,1000,2,0,2000,3,None,1,gold,0,None,Live,,投喂,batch:gift:combo_id:2619604:23920239:31175:1640698141.3483,2,None,31175,铃铛,1,None,2619604,莲M,batch:gift:combo_id:2619604:23920239:31175:1640698141.3483,投喂,gift,
SEND_GIFT,莲M,2619604,1000,None,1640698144,1640698144121400006,,0,3,3,0,0,None,1640698144121400006,0,32672941,1000,,1,,0,,0,0,0,0,0,0,0,0,,,0,1,0,False,0,0,0,铃铛,31175,0,http://i1.hdslb.com/bfs/face/e3fd6361e09c0531bdbf89404a1da2bef8bb7eca.jpg,0,0,0,8,1000,2,0,3000,3,None,1,gold,0,None,Live,,投喂,batch:gift:combo_id:2619604:23920239:31175:1640698141.3483,3,None,31175,铃铛,1,None,2619604,莲M,batch:gift:combo_id:2619604:23920239:31175:1640698141.3483,投喂,gift,
SEND_GIFT,莲M,2619604,1000,None,1640698144,1640698144121400007,,0,4,4,0,0,None,1640698144121400007,0,32672941,1000,,1,,0,,0,0,0,0,0,0,0,0,,,0,1,0,False,0,0,0,铃铛,31175,0,http://i1.hdslb.com/bfs/face/e3fd6361e09c0531bdbf89404a1da2bef8bb7eca.jpg,0,0,0,8,1000,2,0,4000,3,None,1,gold,0,None,Live,,投喂,batch:gift:combo_id:2619604:23920239:31175:1640698141.3483,4,None,31175,铃铛,1,None,2619604,莲M,batch:gift:combo_id:2619604:23920239:31175:1640698141.3483,投喂,gift,
SEND_GIFT,莲M,2619604,1000,None,1640698145,1640698145121400001,,0,5,5,0,0,None,1640698145121400001,0,32672941,1000,,1,,0,,0,0,0,0,0,0,0,0,,,0,1,0,False,0,0,0,铃铛,31175,0,http://i1.hdslb.com/bfs/face/e3fd6361e09c0531bdbf89404a1da2bef8bb7eca.jpg,0,0,0,8,1000,2,0,5000,3,None,1,gold,0,None,Live,,投喂,batch:gift:combo_id:2619604:23920239:31175:1640698141.3483,5,None,31175,铃铛,1,None,2619604,莲M,batch:gift:combo_id:2619604:23920239:31175:1640698141.3483,投喂,gift,
SEND_GIFT,莲M,2619604,1000,None,1640698145,1640698145121400002,,0,6,6,0,0,None,1640698145121400002,0,32672941,1000,,1,,0,,0,0,0,0,0,0,0,0,,,0,1,0,False,0,0,0,铃铛,31175,0,http://i1.hdslb.com/bfs/face/e3fd6361e09c0531bdbf89404a1da2bef8bb7eca.jpg,0,0,0,8,1000,2,0,6000,3,None,1,gold,0,None,Live,,投喂,batch:gift:combo_id:2619604:23920239:31175:1640698141.3483,6,None,31175,铃铛,1,None,2619604,莲M,batch:gift:combo_id:2619604:23920239:31175:1640698141.3483,投喂,gift,
SEND_GIFT,莲M,2619604,1000,None,1640698145,1640698145121400004,,0,7,7,0,0,None,1640698145121400004,0,32672941,1000,,1,,0,,0,0,0,0,0,0,0,0,,,0,1,0,False,0,0,0,铃铛,31175,0,http://i1.hdslb.com/bfs/face/e3fd6361e09c0531bdbf89404a1da2bef8bb7eca.jpg,0,0,0,8,1000,2,0,7000,3,None,1,gold,0,None,Live,,投喂,batch:gift:combo_id:2619604:23920239:31175:1640698141.3483,7,None,31175,铃铛,1,None,2619604,莲M,batch:gift:combo_id:2619604:23920239:31175:1640698141.3483,投喂,gift,
SEND_GIFT,莲M,2619604,1000,None,1640698145,1640698145121400006,,0,8,8,0,0,None,1640698145121400006,0,32672942,1000,,1,,0,,0,0,0,0,0,0,0,0,,,0,1,0,False,0,0,0,铃铛,31175,0,http://i1.hdslb.com/bfs/face/e3fd6361e09c0531bdbf89404a1da2bef8bb7eca.jpg,0,0,0,8,1000,2,0,8000,3,None,1,gold,0,None,Live,,投喂,batch:gift:combo_id:2619604:23920239:31175:1640698141.3483,8,None,31175,铃铛,1,None,2619604,莲M,batch:gift:combo_id:2619604:23920239:31175:1640698141.3483,投喂,gift,
SEND_GIFT,大连劳动公园好色大爷,386839004,1000,None,1640698181,1640698181120400008,,0,2,2,0,0,None,1391495570,9,32674787,1000,,1,,0,,0,0,0,6067854,12632256,12632256,12632256,4,锦依卫,,36081646,1,0,False,0,0,0,生日快乐,30254,0,http://i2.hdslb.com/bfs/face/97520cb1e7b2022e2ae3ce83000f4f146da6b292.jpg,0,0,0,16,0,2,0,2000,2,None,0,silver,0,None,live,,投喂,batch:gift:combo_id:386839004:23920239:30254:1640698180.7733,2,None,30254,生日快乐,1,None,386839004,大连劳动公园好色大爷,batch:gift:combo_id:386839004:23920239:30254:1640698180.7733,投喂,gift,
SEND_GIFT,要起什么名字我不知道,384895408,1000,None,1640698226,1640698226121800001,,0,2,2,0,0,None,1640698226121800001,0,32676133,1000,,1,,0,,0,0,0,0,0,0,0,0,,,0,1,0,False,0,0,0,铃铛,31175,0,http://i1.hdslb.com/bfs/face/317cdcf2fcf34f79648ad6aa678bb1bc2633c2a8.jpg,0,0,0,8,1000,2,0,2000,3,None,1,gold,0,None,Live,,投喂,batch:gift:combo_id:384895408:23920239:31175:1640698225.7692,2,None,31175,铃铛,1,None,384895408,要起什么名字我不知道,batch:gift:combo_id:384895408:23920239:31175:1640698225.7692,投喂,gift,
SEND_GIFT,冰朔丶,2820473,100,None,1640698350,1640698350111300001,,0,41,1,0,0,None,1640698350111300001,0,32683132,100,,1,,0,,0,0,0,6126494,12632256,12632256,12632256,5,蘑菇♥,,436473455,1,0,False,0,0,0,粉丝团灯牌,31164,0,http://i2.hdslb.com/bfs/face/6633a190a598f6b1c7fb4df04c44416979e3473b.jpg,0,3,0,24,100,1,0,100,3,None,1,gold,0,None,Live,0,投喂,batch:gift:combo_id:2820473:23920239:31164:1640698350.9539,1,None,31164,粉丝团灯牌,1,None,2820473,冰朔丶,batch:gift:combo_id:2820473:23920239:31164:1640698350.9539,投喂,gift,
SEND_GIFT,Ouhuang__,30317503,1000,None,1640698378,1640698378121300004,,0,2,2,0,0,None,1640698378121300004,0,32683753,1000,,1,,0,,0,0,1,6126494,6126494,6126494,6126494,5,米粉,,23920239,1,0,False,0,0,0,铃铛,31175,0,http://i1.hdslb.com/bfs/face/b0240db7fdda4b41a167210ee7e3da87f6685816.jpg,0,0,0,40,1000,2,0,2000,3,None,1,gold,0,None,Live,,投喂,batch:gift:combo_id:30317503:23920239:31175:1640698378.6489,2,None,31175,铃铛,1,None,30317503,Ouhuang__,batch:gift:combo_id:30317503:23920239:31175:1640698378.6489,投喂,gift,
SEND_GIFT,Ouhuang__,30317503,1000,None,1640698378,1640698378121300005,,0,3,3,0,0,None,1640698378121300005,0,32683753,1000,,1,,0,,0,0,1,6126494,6126494,6126494,6126494,5,米粉,,23920239,1,0,False,0,0,0,铃铛,31175,0,http://i1.hdslb.com/bfs/face/b0240db7fdda4b41a167210ee7e3da87f6685816.jpg,0,0,0,40,1000,2,0,3000,3,None,1,gold,0,None,Live,,投喂,batch:gift:combo_id:30317503:23920239:31175:1640698378.6489,3,None,31175,铃铛,1,None,30317503,Ouhuang__,batch:gift:combo_id:30317503:23920239:31175:1640698378.6489,投喂,gift,
SEND_GIFT,枕边书喀,86021604,1000,None,1640698982,1640698982121400006,,0,2,2,0,0,None,1640698982121400006,0,32693984,1000,,1,,0,,0,0,0,6126494,12632256,12632256,12632256,5,鸟妈妈,,1543732,1,0,False,0,0,0,铃铛,31175,0,http://i0.hdslb.com/bfs/face/2ef015f14b3475b0bdc1d06c4c15382501f74d60.jpg,0,0,0,24,1000,2,0,2000,3,None,1,gold,0,None,Live,,投喂,batch:gift:combo_id:86021604:23920239:31175:1640698981.0300,2,None,31175,铃铛,1,None,86021604,枕边书喀,batch:gift:combo_id:86021604:23920239:31175:1640698981.0300,投喂,gift,
SEND_GIFT,枕边书喀,86021604,1000,None,1640698984,1640698984121400003,,0,3,3,0,0,None,1640698984121400003,0,32694032,1000,,1,,0,,0,0,0,6126494,12632256,12632256,12632256,5,鸟妈妈,,1543732,1,0,False,0,0,0,铃铛,31175,0,http://i0.hdslb.com/bfs/face/2ef015f14b3475b0bdc1d06c4c15382501f74d60.jpg,0,0,0,24,1000,2,0,3000,3,None,1,gold,0,None,Live,,投喂,batch:gift:combo_id:86021604:23920239:31175:1640698981.0300,3,None,31175,铃铛,1,None,86021604,枕边书喀,batch:gift:combo_id:86021604:23920239:31175:1640698981.0300,投喂,gift,
SEND_GIFT,枕边书喀,86021604,1000,None,1640698985,1640698985121400005,,0,4,4,0,0,None,1640698985121400005,0,32694122,1000,,1,,0,,0,0,0,6126494,12632256,12632256,12632256,5,鸟妈妈,,1543732,1,0,False,0,0,0,铃铛,31175,0,http://i0.hdslb.com/bfs/face/2ef015f14b3475b0bdc1d06c4c15382501f74d60.jpg,0,0,0,24,1000,2,0,4000,3,None,1,gold,0,None,Live,,投喂,batch:gift:combo_id:86021604:23920239:31175:1640698981.0300,4,None,31175,铃铛,1,None,86021604,枕边书喀,batch:gift:combo_id:86021604:23920239:31175:1640698981.0300,投喂,gift,
SEND_GIFT,枕边书喀,86021604,1000,None,1640699001,1640699001121400002,,0,2,2,0,0,None,1640699001121400002,0,32694204,1000,,1,,0,,0,0,0,6126494,12632256,12632256,12632256,5,鸟妈妈,,1543732,1,0,False,0,0,0,铃铛,31175,0,http://i0.hdslb.com/bfs/face/2ef015f14b3475b0bdc1d06c4c15382501f74d60.jpg,0,0,0,24,1000,2,0,2000,3,None,1,gold,0,None,Live,,投喂,batch:gift:combo_id:86021604:23920239:31175:1640699000.5832,2,None,31175,铃铛,1,None,86021604,枕边书喀,batch:gift:combo_id:86021604:23920239:31175:1640699000.5832,投喂,gift,
SEND_GIFT,枕边书喀,86021604,1000,None,1640699003,1640699003121400003,,0,3,3,0,0,None,1640699003121400003,0,32694209,1000,,1,,0,,0,0,0,6126494,12632256,12632256,12632256,5,鸟妈妈,,1543732,1,0,False,0,0,0,铃铛,31175,0,http://i0.hdslb.com/bfs/face/2ef015f14b3475b0bdc1d06c4c15382501f74d60.jpg,0,0,0,24,1000,2,0,3000,3,None,1,gold,0,None,Live,,投喂,batch:gift:combo_id:86021604:23920239:31175:1640699000.5832,3,None,31175,铃铛,1,None,86021604,枕边书喀,batch:gift:combo_id:86021604:23920239:31175:1640699000.5832,投喂,gift,
SEND_GIFT,王老急n,149401718,1000,None,1640699845,1640699845121800005,,0,2,2,0,0,None,2106513458,0,32703522,1000,,1,,0,,0,0,0,0,0,0,0,0,,,0,1,0,False,0,0,0,铃铛,31175,0,http://i2.hdslb.com/bfs/face/a7985d224783190c938be0751a956e03f515e913.jpg,0,0,0,8,1000,2,0,2000,3,None,1,gold,0,None,Live,,投喂,batch:gift:combo_id:149401718:23920239:31175:1640699844.3687,2,None,31175,铃铛,1,None,149401718,王老急n,batch:gift:combo_id:149401718:23920239:31175:1640699844.3687,投喂,gift,
SEND_GIFT,王老急n,149401718,1000,None,1640699846,1640699846121800001,,0,3,3,0,0,None,1532754304,0,32703522,1000,,1,,0,,0,0,0,0,0,0,0,0,,,0,1,0,False,0,0,0,铃铛,31175,0,http://i2.hdslb.com/bfs/face/a7985d224783190c938be0751a956e03f515e913.jpg,0,0,0,8,1000,2,0,3000,3,None,1,gold,0,None,Live,,投喂,batch:gift:combo_id:149401718:23920239:31175:1640699844.3687,3,None,31175,铃铛,1,None,149401718,王老急n,batch:gift:combo_id:149401718:23920239:31175:1640699844.3687,投喂,gift,
SEND_GIFT,王老急n,149401718,1000,None,1640699846,1640699846121800003,,0,4,4,0,0,None,837361361,0,32703597,1000,,1,,0,,0,0,0,0,0,0,0,0,,,0,1,0,False,0,0,0,铃铛,31175,0,http://i2.hdslb.com/bfs/face/a7985d224783190c938be0751a956e03f515e913.jpg,0,0,0,8,1000,2,0,4000,3,None,1,gold,0,None,Live,,投喂,batch:gift:combo_id:149401718:23920239:31175:1640699844.3687,4,None,31175,铃铛,1,None,149401718,王老急n,batch:gift:combo_id:149401718:23920239:31175:1640699844.3687,投喂,gift,
SEND_GIFT,杨老Y,489932047,1000,None,1640699894,1640699894111700001,,0,2,2,0,0,None,1640699894111700001,0,32705268,1000,,1,,0,,0,0,0,6067854,12632256,12632256,12632256,1,鸽吱,,3353026,1,0,False,0,0,0,铃铛,31175,0,http://i1.hdslb.com/bfs/face/d80e4836bb410d0e8662114fdcfe1dc2fdcf28ae.jpg,0,0,0,16,1000,2,0,2000,3,None,1,gold,0,None,Live,0,投喂,batch:gift:combo_id:489932047:23920239:31175:1640699892.9175,2,None,31175,铃铛,1,None,489932047,杨老Y,batch:gift:combo_id:489932047:23920239:31175:1640699892.9175,投喂,gift,
SEND_GIFT,杨老Y,489932047,1000,None,1640699894,1640699894111700002,,0,3,3,0,0,None,1640699894111700002,0,32705268,1000,,1,,0,,0,0,0,6067854,12632256,12632256,12632256,1,鸽吱,,3353026,1,0,False,0,0,0,铃铛,31175,0,http://i1.hdslb.com/bfs/face/d80e4836bb410d0e8662114fdcfe1dc2fdcf28ae.jpg,0,0,0,16,1000,2,0,3000,3,None,1,gold,0,None,Live,0,投喂,batch:gift:combo_id:489932047:23920239:31175:1640699892.9175,3,None,31175,铃铛,1,None,489932047,杨老Y,batch:gift:combo_id:489932047:23920239:31175:1640699892.9175,投喂,gift,
SEND_GIFT,杨老Y,489932047,1000,None,1640699895,1640699895111700001,,0,4,4,0,0,None,1640699895111700001,0,32705294,1000,,1,,0,,0,0,0,6067854,12632256,12632256,12632256,1,鸽吱,,3353026,1,0,False,0,0,0,铃铛,31175,0,http://i1.hdslb.com/bfs/face/d80e4836bb410d0e8662114fdcfe1dc2fdcf28ae.jpg,0,0,0,16,1000,2,0,4000,3,None,1,gold,0,None,Live,0,投喂,batch:gift:combo_id:489932047:23920239:31175:1640699892.9175,4,None,31175,铃铛,1,None,489932047,杨老Y,batch:gift:combo_id:489932047:23920239:31175:1640699892.9175,投喂,gift,
