_DeltaTime,_ExactTime,_Date,_content_cmd,_content_data_end_time,_content_data_start_time,_content_data_gift_name,_content_data_gift_id,_content_data_price,_content_data_num,_content_data_guard_level,_content_data_username,_content_data_uid,_msg_type,
19.54,19:35:02,2021.12.30,GUARD_BUY,1640864101,1640864101,舰长,10003,198000,1,3,赵菡砚,4695942,other,
34.49,19:35:17,2021.12.30,GUARD_BUY,1640864116,1640864116,舰长,10003,198000,1,3,Remember_Echo,4778898,other,
59.11,19:35:41,2021.12.30,GUARD_BUY,1640864141,1640864141,舰长,10003,198000,1,3,顾徐风,16489363,other,
120.46,19:36:43,2021.12.30,GUARD_BUY,1640864202,1640864202,舰长,10003,198000,1,3,leslotta,243876570,other,
140.48,19:37:03,2021.12.30,GUARD_BUY,1640864222,1640864222,舰长,10003,198000,1,3,我不是4是10我是414,630070732,other,
210.72,19:38:13,2021.12.30,GUARD_BUY,1640864292,1640864292,舰长,10003,198000,1,3,alcoholic-怡,359793919,other,
244.48,19:38:47,2021.12.30,GUARD_BUY,1640864326,1640864326,舰长,10003,198000,1,3,兰迪尔克,441977937,other,
394.98,19:41:17,2021.12.30,GUARD_BUY,1640864476,1640864476,舰长,10003,198000,1,3,卷卷吐司喵,12342711,other,
428.98,19:41:51,2021.12.30,GUARD_BUY,1640864511,1640864511,舰长,10003,198000,1,3,沙条爱歌-,9074486,other,
438.57,19:42:01,2021.12.30,GUARD_BUY,1640864521,1640864521,舰长,10003,198000,1,3,安苒爱吃cheese,39428802,other,
443.89,19:42:06,2021.12.30,GUARD_BUY,1640864526,1640864526,舰长,10003,198000,1,3,花小珞,3380182,other,
444.93,19:42:07,2021.12.30,GUARD_BUY,1640864527,1640864527,舰长,10003,198000,1,3,亿万·布拉金斯基·,13069325,other,
451.41,19:42:14,2021.12.30,GUARD_BUY,1640864533,1640864533,舰长,10003,198000,1,3,伊梦梦梦梦梦梦,67943495,other,
500.81,19:43:03,2021.12.30,GUARD_BUY,1640864582,1640864582,舰长,10003,198000,1,3,梅尔格伦,33710409,other,
541.13,19:43:43,2021.12.30,GUARD_BUY,1640864623,1640864623,舰长,10003,198000,1,3,萄涩,40016047,other,
636.25,19:45:19,2021.12.30,GUARD_BUY,1640864718,1640864718,舰长,10003,198000,1,3,秋生原地入睡,9211608,other,
647.89,19:45:30,2021.12.30,GUARD_BUY,1640864730,1640864730,舰长,10003,198000,1,3,不跟小李贴贴天理难容,357064289,other,
695.78,19:46:18,2021.12.30,GUARD_BUY,1640864777,1640864777,舰长,10003,198000,1,3,绫綾,17979428,other,
722.38,19:46:45,2021.12.30,GUARD_BUY,1640864804,1640864804,提督,10002,1998000,1,2,万俟冬冬菌丝蘑菇,30383037,other,
752.98,19:47:15,2021.12.30,GUARD_BUY,1640864834,1640864834,舰长,10003,198000,1,3,海淀不知名网友,37317169,other,
880.47,19:49:23,2021.12.30,GUARD_BUY,1640864962,1640864962,总督,10001,19998000,1,1,碧根果核桃碎我都要,491302872,other,
923.36,19:50:06,2021.12.30,GUARD_BUY,1640865005,1640865005,舰长,10003,198000,1,3,还我泥桑,5595383,other,
998.25,19:51:21,2021.12.30,GUARD_BUY,1640865080,1640865080,舰长,10003,198000,1,3,旺仔牛奶配香槟_-,301798958,other,
1030.31,19:51:53,2021.12.30,GUARD_BUY,1640865112,1640865112,舰长,10003,198000,1,3,青衣覆白荷,25252403,other,
1031.33,19:51:54,2021.12.30,GUARD_BUY,1640865113,1640865113,舰长,10003,198000,1,3,SnaveSirhc,316179618,other,
1031.33,19:51:54,2021.12.30,GUARD_BUY,1640865113,1640865113,舰长,10003,198000,1,3,脩芷符喵,9173991,other,
1142.26,19:53:45,2021.12.30,GUARD_BUY,1640865224,1640865224,舰长,10003,198000,1,3,来杯杨枝甘露呀,179401737,other,
1176.63,19:54:19,2021.12.30,GUARD_BUY,1640865259,1640865259,舰长,10003,198000,1,3,狗卷棘宇宙第一可爱,9081415,other,
1206.54,19:54:49,2021.12.30,GUARD_BUY,1640865288,1640865288,舰长,10003,198000,1,3,是观众没错是观众,199921815,other,
1222.86,19:55:05,2021.12.30,GUARD_BUY,1640865304,1640865304,舰长,10003,198000,1,3,chuuya゜是我老婆,168659426,other,
1251.26,19:55:34,2021.12.30,GUARD_BUY,1640865333,1640865333,舰长,10003,198000,1,3,从不学习泡泡,14631901,other,
1256.73,19:55:39,2021.12.30,GUARD_BUY,1640865338,1640865338,舰长,10003,198000,1,3,猫猫和月亮我都想要,62884806,other,
1263.36,19:55:46,2021.12.30,GUARD_BUY,1640865345,1640865345,舰长,10003,198000,1,3,你你你说这河狸吗,8419283,other,
1266.5,19:55:49,2021.12.30,GUARD_BUY,1640865348,1640865348,提督,10002,1998000,1,2,七千谣,73124290,other,
1278.72,19:56:01,2021.12.30,GUARD_BUY,1640865360,1640865360,舰长,10003,198000,1,3,京城密探____李元芳,67792124,other,
1301.61,19:56:24,2021.12.30,GUARD_BUY,1640865383,1640865383,舰长,10003,198000,1,3,名一_,44099892,other,
1483.79,19:59:26,2021.12.30,GUARD_BUY,1640865566,1640865566,舰长,10003,198000,1,3,槐序一两,38513159,other,
1490.35,19:59:33,2021.12.30,GUARD_BUY,1640865572,1640865572,舰长,10003,198000,1,3,流泪磨磨头丶,130851337,other,
1528.05,20:00:10,2021.12.30,GUARD_BUY,1640865609,1640865609,舰长,10003,198000,1,3,横川秦艽,44781155,other,
1528.05,20:00:10,2021.12.30,GUARD_BUY,1640865609,1640865609,舰长,10003,198000,1,3,吗得Madeira,35182388,other,
1584.31,20:01:07,2021.12.30,GUARD_BUY,1640865666,1640865666,舰长,10003,198000,1,3,烟雨暗千家w,18310125,other,
1588.64,20:01:11,2021.12.30,GUARD_BUY,1640865671,1640865671,舰长,10003,198000,1,3,来杯杨枝甘露呀,179401737,other,
1604.09,20:01:26,2021.12.30,GUARD_BUY,1640865686,1640865686,舰长,10003,198000,1,3,奥利奥布布蕾,196809309,other,
1646.04,20:02:08,2021.12.30,GUARD_BUY,1640865727,1640865727,提督,10002,1998000,1,2,月光bot,13376687,other,
1718.74,20:03:21,2021.12.30,GUARD_BUY,1640865800,1640865800,提督,10002,1998000,1,2,呢子米,13408902,other,
1721.93,20:03:24,2021.12.30,GUARD_BUY,1640865804,1640865804,舰长,10003,198000,1,3,做个梦给你_ff,3268938,other,
1743.9,20:03:46,2021.12.30,GUARD_BUY,1640865826,1640865826,舰长,10003,198000,1,3,陆茶的鹿茶,11721383,other,
1814.2,20:04:57,2021.12.30,GUARD_BUY,1640865896,1640865896,舰长,10003,198000,1,3,肖遥_,24599619,other,
1840.33,20:05:23,2021.12.30,GUARD_BUY,1640865922,1640865922,提督,10002,1998000,1,2,呢子米,13408902,other,
1875.61,20:05:58,2021.12.30,GUARD_BUY,1640865957,1640865957,舰长,10003,198000,1,3,璞玉待人琢,8757536,other,
2027.47,20:08:30,2021.12.30,GUARD_BUY,1640866109,1640866109,舰长,10003,198000,1,3,兮米Lu,6738524,other,
2101.23,20:09:44,2021.12.30,GUARD_BUY,1640866183,1640866183,舰长,10003,198000,12,3,鬼小玥,21075089,other,
2123.74,20:10:06,2021.12.30,GUARD_BUY,1640866205,1640866205,舰长,10003,198000,1,3,1694-w王北川,13892516,other,
2128.37,20:10:11,2021.12.30,GUARD_BUY,1640866211,1640866211,舰长,10003,198000,1,3,啊呜一口小橘子,16222903,other,
2200.24,20:11:23,2021.12.30,GUARD_BUY,1640866282,1640866282,舰长,10003,198000,1,3,清川不会数学,91693009,other,
2324.34,20:13:27,2021.12.30,GUARD_BUY,1640866406,1640866406,舰长,10003,198000,1,3,小韩-_-,507624202,other,
2357.95,20:14:00,2021.12.30,GUARD_BUY,1640866439,1640866439,舰长,10003,198000,1,3,晚晚每天睡不够,19153130,other,
2380.42,20:14:23,2021.12.30,GUARD_BUY,1640866462,1640866462,舰长,10003,198000,1,3,kikiriko,231857063,other,
2406.49,20:14:49,2021.12.30,GUARD_BUY,1640866489,1640866489,舰长,10003,198000,1,3,源沅圆圆圆,448237157,other,
2407.53,20:14:50,2021.12.30,GUARD_BUY,1640866489,1640866489,舰长,10003,198000,1,3,喜欢lex永永远远,322007699,other,
2474.93,20:15:57,2021.12.30,GUARD_BUY,1640866557,1640866557,舰长,10003,198000,1,3,冰月是刀削面子,29964028,other,
2479.27,20:16:02,2021.12.30,GUARD_BUY,1640866561,1640866561,舰长,10003,198000,1,3,奶酪发电站,33935599,other,
2519.1,20:16:41,2021.12.30,GUARD_BUY,1640866601,1640866601,舰长,10003,198000,1,3,蓝绮绮_,670586,other,
2542.3,20:17:05,2021.12.30,GUARD_BUY,1640866624,1640866624,舰长,10003,198000,1,3,路遥车马急的人间,105424713,other,
2550.56,20:17:13,2021.12.30,GUARD_BUY,1640866632,1640866632,舰长,10003,198000,1,3,旧酒九年_,12088214,other,
2552.71,20:17:15,2021.12.30,GUARD_BUY,1640866634,1640866634,舰长,10003,198000,1,3,小鹅酱酱狗,15561437,other,
2558.97,20:17:21,2021.12.30,GUARD_BUY,1640866641,1640866641,舰长,10003,198000,1,3,我来啦啊,28393346,other,
2598.2,20:18:01,2021.12.30,GUARD_BUY,1640866680,1640866680,舰长,10003,198000,1,3,kbt喵,17055832,other,
2606.66,20:18:09,2021.12.30,GUARD_BUY,1640866688,1640866688,舰长,10003,198000,1,3,吧唧R丶,23347483,other,
2626.92,20:18:29,2021.12.30,GUARD_BUY,1640866709,1640866709,舰长,10003,198000,1,3,艾没熄,32451617,other,
2668.1,20:19:10,2021.12.30,GUARD_BUY,1640866750,1640866750,舰长,10003,198000,1,3,阿砖阿石,10862480,other,
2686.08,20:19:28,2021.12.30,GUARD_BUY,1640866768,1640866768,舰长,10003,198000,1,3,幼狐饲养员,6835241,other,
2695.53,20:19:38,2021.12.30,GUARD_BUY,1640866777,1640866777,舰长,10003,198000,1,3,屋里叁儿啊,19048394,other,
2813.27,20:21:36,2021.12.30,GUARD_BUY,1640866895,1640866895,舰长,10003,198000,1,3,黑土豆豆嬷嬷,37846886,other,
2845.37,20:22:08,2021.12.30,GUARD_BUY,1640866927,1640866927,舰长,10003,198000,1,3,海塔,7537162,other,
2854.82,20:22:17,2021.12.30,GUARD_BUY,1640866936,1640866936,舰长,10003,198000,1,3,佐尚希-,473021219,other,
2964.25,20:24:07,2021.12.30,GUARD_BUY,1640867046,1640867046,舰长,10003,198000,1,3,铃铛叮叮,3786100,other,
3009.45,20:24:52,2021.12.30,GUARD_BUY,1640867092,1640867092,舰长,10003,198000,1,3,光明战神丶,443749502,other,
3025.8,20:25:08,2021.12.30,GUARD_BUY,1640867108,1640867108,舰长,10003,198000,1,3,江湖骗子已注销版,10040346,other,
3058.88,20:25:41,2021.12.30,GUARD_BUY,1640867141,1640867141,舰长,10003,198000,1,3,屋里叁儿啊,19048394,other,
3094.11,20:26:16,2021.12.30,GUARD_BUY,1640867176,1640867176,舰长,10003,198000,1,3,是间墨_不是问,506004348,other,
3151.6,20:27:14,2021.12.30,GUARD_BUY,1640867234,1640867234,舰长,10003,198000,1,3,g30599054,90118910,other,
3446.89,20:32:09,2021.12.30,GUARD_BUY,1640867529,1640867529,舰长,10003,198000,1,3,_CCCXY_,12392995,other,
3486.44,20:32:49,2021.12.30,GUARD_BUY,1640867568,1640867568,舰长,10003,198000,1,3,净世莲华小莲花,330707,other,
3521.56,20:33:24,2021.12.30,GUARD_BUY,1640867603,1640867603,舰长,10003,198000,1,3,陈立果,6601170,other,
3539.07,20:33:41,2021.12.30,GUARD_BUY,1640867620,1640867620,舰长,10003,198000,1,3,你怎么脸红了ss,398888311,other,
3976.29,20:40:59,2021.12.30,GUARD_BUY,1640868058,1640868058,舰长,10003,198000,1,3,木子猫的鱼,27718364,other,
4105.64,20:43:08,2021.12.30,GUARD_BUY,1640868187,1640868187,舰长,10003,198000,1,3,致十六最爱的张起灵,19608524,other,
4126.81,20:43:29,2021.12.30,GUARD_BUY,1640868208,1640868208,舰长,10003,198000,1,3,太李谱啦,316722107,other,
4235.33,20:45:18,2021.12.30,GUARD_BUY,1640868317,1640868317,舰长,10003,198000,1,3,星星星泡泡粥,285804651,other,
4336.17,20:46:59,2021.12.30,GUARD_BUY,1640868418,1640868418,舰长,10003,198000,1,3,我看到你的pangci辣,18889649,other,
4357.41,20:47:20,2021.12.30,GUARD_BUY,1640868439,1640868439,舰长,10003,198000,1,3,濒危不保护废物,936544,other,
4394.21,20:47:57,2021.12.30,GUARD_BUY,1640868476,1640868476,舰长,10003,198000,1,3,薄荷喵君,818478,other,
4488.94,20:49:31,2021.12.30,GUARD_BUY,1640868571,1640868571,舰长,10003,198000,1,3,加班喵呜的小号,1172323074,other,
4517.18,20:50:00,2021.12.30,GUARD_BUY,1640868598,1640868598,舰长,10003,198000,1,3,公子同归,339237603,other,
4534.05,20:50:16,2021.12.30,GUARD_BUY,1640868616,1640868616,舰长,10003,198000,1,3,Flower1208,360736754,other,
4572.29,20:50:55,2021.12.30,GUARD_BUY,1640868654,1640868654,舰长,10003,198000,1,3,沃子,1459698,other,
4623.9,20:51:46,2021.12.30,GUARD_BUY,1640868705,1640868705,舰长,10003,198000,1,3,朝朝昭啊,20226983,other,
4635.51,20:51:58,2021.12.30,GUARD_BUY,1640868717,1640868717,舰长,10003,198000,1,3,卖裁缝的小棉袄,382168661,other,
4644.24,20:52:07,2021.12.30,GUARD_BUY,1640868726,1640868726,舰长,10003,198000,1,3,是空白白w,11781935,other,
4913.21,20:56:36,2021.12.30,GUARD_BUY,1640868992,1640868992,舰长,10003,198000,1,3,半罐奶粉,42506280,other,
4945.03,20:57:07,2021.12.30,GUARD_BUY,1640869026,1640869026,舰长,10003,198000,1,3,小林鸭鸭呀,500343428,other,
5051.18,20:58:54,2021.12.30,GUARD_BUY,1640869133,1640869133,舰长,10003,198000,1,3,杏杏杏杏杏杏杏杏子,20377116,other,
5162.94,21:00:45,2021.12.30,GUARD_BUY,1640869245,1640869245,舰长,10003,198000,1,3,sky天空的空,9981812,other,
5525.32,21:06:48,2021.12.30,GUARD_BUY,1640869607,1640869607,舰长,10003,198000,1,3,鹅鹅鹅e24,60183522,other,
5639.67,21:08:42,2021.12.30,GUARD_BUY,1640869721,1640869721,舰长,10003,198000,1,3,人活着就是为了蕾克西,1675879397,other,
5854.59,21:12:17,2021.12.30,GUARD_BUY,1640869937,1640869937,提督,10002,1998000,1,2,暮春糊糊柳,5454426,other,
6284.72,21:19:27,2021.12.30,GUARD_BUY,1640870366,1640870366,舰长,10003,198000,1,3,好想读博啊,12667575,other,
6754.77,21:27:17,2021.12.30,GUARD_BUY,1640870836,1640870836,舰长,10003,198000,1,3,此账号是我吖,1541546600,other,
6770.54,21:27:33,2021.12.30,GUARD_BUY,1640870852,1640870852,舰长,10003,198000,1,3,史提尔在我床上吃薯片,23301113,other,
7547.57,21:40:30,2021.12.30,GUARD_BUY,1640871630,1640871630,舰长,10003,198000,1,3,糖利齐,32399810,other,
7621.19,21:41:44,2021.12.30,GUARD_BUY,1640871703,1640871703,舰长,10003,198000,1,3,ourennni鹿与,3290549,other,
7805.03,21:44:47,2021.12.30,GUARD_BUY,1640871887,1640871887,舰长,10003,198000,1,3,穆簌,343120024,other,
10279.33,22:26:02,2021.12.30,GUARD_BUY,1640874361,1640874361,舰长,10003,198000,1,3,-司渡-,498045829,other,
13341.68,23:17:04,2021.12.30,GUARD_BUY,1640877424,1640877424,舰长,10003,198000,1,3,解语花呗了解一下,37403296,other,
